experiment,variant,group,instance,seed,time_s,profit,trajectory,role
interaction,core,1000,4-0.25-P,1,0.5875,133143,26,intensifier
interaction,core,1000,4-0.25-P,1,0.6205,133598,2,intensifier
interaction,core,1000,4-0.25-P,1,0.6798,133608,2,intensifier
interaction,core,1000,4-0.25-P,1,0.7095,134064,22,intensifier
interaction,core,1000,4-0.25-P,1,0.7393,134146,22,intensifier
interaction,core,1000,4-0.25-P,1,0.7692,134175,22,intensifier
interaction,core,1000,4-0.25-P,1,0.8289,134256,22,intensifier
interaction,core,1000,4-0.25-P,1,0.8889,134311,22,intensifier
interaction,core,1000,4-0.25-P,1,0.9189,134711,22,intensifier
interaction,core,1000,4-0.25-P,1,0.9489,134820,22,intensifier
interaction,core,1000,4-0.25-P,1,2.4280,134945,22,intensifier
interaction,core,1000,4-0.25-P,1,3.0196,134960,22,intensifier
interaction,core,1000,4-0.25-P,1,3.4634,135071,22,intensifier
interaction,core,1000,4-0.25-P,1,3.5832,135264,22,intensifier
interaction,core,1000,4-0.25-P,1,3.8194,135296,22,intensifier
interaction,core,1000,4-0.25-P,1,3.9071,135344,22,intensifier
interaction,core,1000,4-0.25-P,1,3.9364,135481,22,intensifier
interaction,core,1000,4-0.25-P,1,4.3806,135580,22,intensifier
interaction,core,1000,4-0.25-P,1,8.1053,135612,14,intensifier
interaction,core,1000,4-0.25-P,1,8.2844,135617,65,intensifier
interaction,core,1000,4-0.25-P,1,9.8802,135706,15,intensifier
interaction,core,1000,4-0.25-P,1,10.7682,135782,15,intensifier
interaction,core,1000,4-0.25-P,1,11.3583,135956,15,intensifier
interaction,core,1000,4-0.25-P,1,11.4167,135999,53,intensifier
interaction,core,1000,4-0.25-P,1,13.6926,136031,36,intensifier
interaction,core,1000,4-0.25-P,1,16.3248,136177,5,intensifier
interaction,core,1000,4-0.25-P,1,16.4135,136189,5,intensifier
interaction,core,1000,4-0.25-P,1,16.4432,136280,5,intensifier
interaction,core,1000,4-0.25-P,1,16.7106,136288,53,intensifier
interaction,core,1000,4-0.25-P,1,17.1546,136302,59,intensifier
interaction,core,1000,4-0.25-P,1,17.5096,136349,53,intensifier
interaction,core,1000,4-0.25-P,1,17.9829,136359,35,intensifier
interaction,core,1000,4-0.25-P,1,18.0130,136414,35,intensifier
interaction,core,1000,4-0.25-P,1,19.6958,136468,35,intensifier
interaction,core,1000,4-0.25-P,1,19.9044,136528,27,intensifier
interaction,core,1000,4-0.25-P,1,20.3190,136630,17,intensifier
interaction,core,1000,4-0.25-P,1,23.6317,136668,17,intensifier
interaction,core,1000,4-0.25-P,1,23.6913,136799,18,intensifier
interaction,core,1000,4-0.25-P,1,32.1110,136800,9,intensifier
interaction,core,1000,4-0.25-P,1,33.5593,136813,48,intensifier
interaction,core,1000,4-0.25-P,1,34.4759,136883,64,intensifier
interaction,core,1000,4-0.25-P,1,66.3482,136915,48,intensifier
interaction,core,1000,4-0.25-P,1,67.5010,136950,5,intensifier
interaction,core,1000,4-0.25-P,1,69.4489,137122,29,intensifier
interaction,core,1000,4-0.25-P,1,178.3261,137194,81,intensifier
interaction,core,1000,4-0.25-P,1,194.4914,137211,39,intensifier
interaction,core,1000,4-0.25-P,1,314.7058,137230,80,intensifier
interaction,core,1000,4-0.25-P,1,375.6617,137256,19,intensifier
interaction,core,1000,4-0.25-P,1,408.8132,137272,24,intensifier
interaction,core,1000,4-0.25-P,1,445.6511,137306,54,intensifier
interaction,core,1000,4-0.25-P,1,445.6811,137336,54,intensifier
interaction,core,1000,4-0.25-P,1,479.3888,137345,36,intensifier
interaction,core,1000,4-0.25-P,2,0.5993,133668,14,intensifier
interaction,core,1000,4-0.25-P,2,0.6614,133826,53,intensifier
interaction,core,1000,4-0.25-P,2,0.6905,134170,53,intensifier
interaction,core,1000,4-0.25-P,2,0.7502,134386,53,intensifier
interaction,core,1000,4-0.25-P,2,0.7803,134387,53,intensifier
interaction,core,1000,4-0.25-P,2,0.8402,134520,53,intensifier
interaction,core,1000,4-0.25-P,2,1.1668,134834,14,intensifier
interaction,core,1000,4-0.25-P,2,1.2857,135100,14,intensifier
interaction,core,1000,4-0.25-P,2,1.4339,135104,14,intensifier
interaction,core,1000,4-0.25-P,2,1.4642,135168,14,intensifier
interaction,core,1000,4-0.25-P,2,1.6130,135456,14,intensifier
interaction,core,1000,4-0.25-P,2,1.7317,135559,14,intensifier
interaction,core,1000,4-0.25-P,2,1.7628,135869,14,intensifier
interaction,core,1000,4-0.25-P,2,1.8799,135925,14,intensifier
interaction,core,1000,4-0.25-P,2,1.9695,136046,14,intensifier
interaction,core,1000,4-0.25-P,2,3.7116,136078,14,intensifier
interaction,core,1000,4-0.25-P,2,4.3628,136094,14,intensifier
interaction,core,1000,4-0.25-P,2,4.5985,136201,14,intensifier
interaction,core,1000,4-0.25-P,2,5.1892,136284,14,intensifier
interaction,core,1000,4-0.25-P,2,5.9878,136329,14,intensifier
interaction,core,1000,4-0.25-P,2,6.3411,136366,83,intensifier
interaction,core,1000,4-0.25-P,2,16.7451,136387,1,intensifier
interaction,core,1000,4-0.25-P,2,16.8341,136478,61,intensifier
interaction,core,1000,4-0.25-P,2,23.2638,136493,41,intensifier
interaction,core,1000,4-0.25-P,2,23.5012,136565,59,intensifier
interaction,core,1000,4-0.25-P,2,26.6117,136687,59,intensifier
interaction,core,1000,4-0.25-P,2,30.1940,136874,59,intensifier
interaction,core,1000,4-0.25-P,2,56.6058,136978,57,intensifier
interaction,core,1000,4-0.25-P,2,126.0688,137042,9,intensifier
interaction,core,1000,4-0.25-P,2,128.1729,137059,9,intensifier
interaction,core,1000,4-0.25-P,2,142.4742,137089,40,intensifier
interaction,core,1000,4-0.25-P,2,155.7556,137113,82,intensifier
interaction,core,1000,4-0.25-P,2,211.1808,137138,61,intensifier
interaction,core,1000,4-0.25-P,2,266.3440,137151,8,intensifier
interaction,core,1000,4-0.25-P,2,266.7585,137156,80,intensifier
interaction,core,1000,4-0.25-P,2,310.7752,137217,71,intensifier
interaction,core,1000,4-0.25-P,2,435.4492,137295,8,intensifier
interaction,core,1000,4-0.25-P,2,443.8409,137346,21,intensifier
interaction,core,1000,4-0.25-P,2,443.9009,137366,21,intensifier
interaction,core,1000,4-0.25-P,2,574.8942,137367,67,intensifier
interaction,core,1000,4-0.25-P,3,0.6025,133465,42,intensifier
interaction,core,1000,4-0.25-P,3,0.6645,133857,40,intensifier
interaction,core,1000,4-0.25-P,3,0.6945,133864,40,intensifier
interaction,core,1000,4-0.25-P,3,0.7540,133900,40,intensifier
interaction,core,1000,4-0.25-P,3,0.9600,133911,40,intensifier
interaction,core,1000,4-0.25-P,3,0.9898,133970,40,intensifier
interaction,core,1000,4-0.25-P,3,1.0490,133992,44,intensifier
interaction,core,1000,4-0.25-P,3,1.0789,134245,44,intensifier
interaction,core,1000,4-0.25-P,3,1.3449,134555,71,intensifier
interaction,core,1000,4-0.25-P,3,1.3750,134771,71,intensifier
interaction,core,1000,4-0.25-P,3,1.4048,134842,71,intensifier
interaction,core,1000,4-0.25-P,3,1.4643,135067,71,intensifier
interaction,core,1000,4-0.25-P,3,1.4943,135085,71,intensifier
interaction,core,1000,4-0.25-P,3,2.2060,135159,71,intensifier
interaction,core,1000,4-0.25-P,3,2.3558,135222,71,intensifier
interaction,core,1000,4-0.25-P,3,2.9452,135258,71,intensifier
interaction,core,1000,4-0.25-P,3,3.2735,135341,71,intensifier
interaction,core,1000,4-0.25-P,3,4.4293,135554,71,intensifier
interaction,core,1000,4-0.25-P,3,4.4897,135589,71,intensifier
interaction,core,1000,4-0.25-P,3,5.1411,135770,71,intensifier
interaction,core,1000,4-0.25-P,3,6.7761,135837,71,intensifier
interaction,core,1000,4-0.25-P,3,6.8063,135955,41,intensifier
interaction,core,1000,4-0.25-P,3,7.1344,136048,71,intensifier
interaction,core,1000,4-0.25-P,3,7.3121,136076,71,intensifier
interaction,core,1000,4-0.25-P,3,9.4708,136131,71,intensifier
interaction,core,1000,4-0.25-P,3,9.5301,136280,57,intensifier
interaction,core,1000,4-0.25-P,3,13.5900,136313,57,intensifier
interaction,core,1000,4-0.25-P,3,13.9144,136357,73,intensifier
interaction,core,1000,4-0.25-P,3,13.9448,136402,73,intensifier
interaction,core,1000,4-0.25-P,3,20.3671,136421,53,intensifier
interaction,core,1000,4-0.25-P,3,20.8117,136452,72,intensifier
interaction,core,1000,4-0.25-P,3,22.1762,136586,55,intensifier
interaction,core,1000,4-0.25-P,3,22.2932,136620,55,intensifier
interaction,core,1000,4-0.25-P,3,22.5915,136641,55,intensifier
interaction,core,1000,4-0.25-P,3,24.8688,136760,82,intensifier
interaction,core,1000,4-0.25-P,3,29.1861,136771,82,intensifier
interaction,core,1000,4-0.25-P,3,29.4840,136904,83,intensifier
interaction,core,1000,4-0.25-P,3,36.4712,136951,4,intensifier
interaction,core,1000,4-0.25-P,3,36.8270,136965,49,intensifier
interaction,core,1000,4-0.25-P,3,44.0759,136993,43,intensifier
interaction,core,1000,4-0.25-P,3,46.3837,137009,66,intensifier
interaction,core,1000,4-0.25-P,3,49.6985,137077,58,intensifier
interaction,core,1000,4-0.25-P,3,52.9827,137199,78,intensifier
interaction,core,1000,4-0.25-P,3,203.8465,137250,30,intensifier
interaction,core,1000,4-0.25-P,3,544.3929,137366,2,intensifier
interaction,core,1000,4-0.25-P,3,599.4723,137413,81,intensifier
interaction,core,1000,6-0.25-M,1,0.6053,37240,11,intensifier
interaction,core,1000,6-0.25-M,1,0.6381,37488,34,intensifier
interaction,core,1000,6-0.25-M,1,0.7565,37498,34,intensifier
interaction,core,1000,6-0.25-M,1,0.8148,37650,34,intensifier
interaction,core,1000,6-0.25-M,1,0.8454,37702,34,intensifier
interaction,core,1000,6-0.25-M,1,0.9333,37710,34,intensifier
interaction,core,1000,6-0.25-M,1,1.0212,37889,34,intensifier
interaction,core,1000,6-0.25-M,1,1.0806,38185,34,intensifier
interaction,core,1000,6-0.25-M,1,1.1687,38330,34,intensifier
interaction,core,1000,6-0.25-M,1,1.2274,38393,34,intensifier
interaction,core,1000,6-0.25-M,1,1.2567,38409,34,intensifier
interaction,core,1000,6-0.25-M,1,1.3461,38618,34,intensifier
interaction,core,1000,6-0.25-M,1,1.3757,38644,34,intensifier
interaction,core,1000,6-0.25-M,1,1.4055,38674,34,intensifier
interaction,core,1000,6-0.25-M,1,1.4351,38686,34,intensifier
interaction,core,1000,6-0.25-M,1,1.5825,38710,34,intensifier
interaction,core,1000,6-0.25-M,1,1.6418,38718,34,intensifier
interaction,core,1000,6-0.25-M,1,1.7008,38846,34,intensifier
interaction,core,1000,6-0.25-M,1,2.1114,39084,34,intensifier
interaction,core,1000,6-0.25-M,1,4.6967,39107,34,intensifier
interaction,core,1000,6-0.25-M,1,5.0788,39127,34,intensifier
interaction,core,1000,6-0.25-M,1,5.1086,39268,34,intensifier
interaction,core,1000,6-0.25-M,1,5.4307,39493,34,intensifier
interaction,core,1000,6-0.25-M,1,7.4546,39518,34,intensifier
interaction,core,1000,6-0.25-M,1,7.8364,39573,69,intensifier
interaction,core,1000,6-0.25-M,1,8.7769,39640,51,intensifier
interaction,core,1000,6-0.25-M,1,9.2461,39664,41,intensifier
interaction,core,1000,6-0.25-M,1,11.7437,39852,5,intensifier
interaction,core,1000,6-0.25-M,1,15.4115,39858,0,intensifier
interaction,core,1000,6-0.25-M,1,16.7054,39896,13,intensifier
interaction,core,1000,6-0.25-M,1,17.7327,39979,45,intensifier
interaction,core,1000,6-0.25-M,1,35.2126,40039,2,intensifier
interaction,core,1000,6-0.25-M,1,41.9132,40083,62,intensifier
interaction,core,1000,6-0.25-M,1,45.0275,40220,19,intensifier
interaction,core,1000,6-0.25-M,1,48.9072,40236,19,intensifier
interaction,core,1000,6-0.25-M,1,51.8102,40296,68,intensifier
interaction,core,1000,6-0.25-M,1,56.6491,40318,7,intensifier
interaction,core,1000,6-0.25-M,1,104.4640,40352,78,intensifier
interaction,core,1000,6-0.25-M,1,108.2220,40377,9,intensifier
interaction,core,1000,6-0.25-M,1,110.3967,40392,9,intensifier
interaction,core,1000,6-0.25-M,1,120.8761,40450,9,intensifier
interaction,core,1000,6-0.25-M,1,150.4849,40531,31,intensifier
interaction,core,1000,6-0.25-M,1,175.0525,40598,9,intensifier
interaction,core,1000,6-0.25-M,1,190.9831,40623,40,intensifier
interaction,core,1000,6-0.25-M,1,216.4406,40668,9,intensifier
interaction,core,1000,6-0.25-M,1,531.8994,40687,15,intensifier
interaction,core,1000,6-0.25-M,2,0.6105,37130,21,intensifier
interaction,core,1000,6-0.25-M,2,0.6429,37444,63,intensifier
interaction,core,1000,6-0.25-M,2,0.6728,38011,63,intensifier
interaction,core,1000,6-0.25-M,2,0.7026,38019,63,intensifier
interaction,core,1000,6-0.25-M,2,0.7327,38100,63,intensifier
interaction,core,1000,6-0.25-M,2,0.7626,38485,63,intensifier
interaction,core,1000,6-0.25-M,2,0.8808,38620,63,intensifier
interaction,core,1000,6-0.25-M,2,1.2339,38882,63,intensifier
interaction,core,1000,6-0.25-M,2,1.3803,39006,63,intensifier
interaction,core,1000,6-0.25-M,2,1.4098,39078,63,intensifier
interaction,core,1000,6-0.25-M,2,1.5860,39200,63,intensifier
interaction,core,1000,6-0.25-M,2,2.2065,39586,63,intensifier
interaction,core,1000,6-0.25-M,2,2.2363,39724,63,intensifier
interaction,core,1000,6-0.25-M,2,17.9844,39749,75,intensifier
interaction,core,1000,6-0.25-M,2,18.3950,39795,79,intensifier
interaction,core,1000,6-0.25-M,2,18.8666,39842,6,intensifier
interaction,core,1000,6-0.25-M,2,20.2471,39845,56,intensifier
interaction,core,1000,6-0.25-M,2,20.3057,39861,80,intensifier
interaction,core,1000,6-0.25-M,2,22.5648,39886,5,intensifier
interaction,core,1000,6-0.25-M,2,25.5949,40050,20,intensifier
interaction,core,1000,6-0.25-M,2,29.3325,40090,82,intensifier
interaction,core,1000,6-0.25-M,2,31.8592,40126,51,intensifier
interaction,core,1000,6-0.25-M,2,94.6998,40192,10,intensifier
interaction,core,1000,6-0.25-M,2,197.3542,40224,68,intensifier
interaction,core,1000,6-0.25-M,2,258.6149,40371,61,intensifier
interaction,core,1000,6-0.25-M,2,310.3457,40380,24,intensifier
interaction,core,1000,6-0.25-M,2,310.6705,40491,16,intensifier
interaction,core,1000,6-0.25-M,2,396.2009,40669,39,intensifier
interaction,core,1000,6-0.25-M,3,0.5885,37545,31,intensifier
interaction,core,1000,6-0.25-M,3,0.9162,37841,38,intensifier
interaction,core,1000,6-0.25-M,3,1.0642,38338,38,intensifier
interaction,core,1000,6-0.25-M,3,1.0939,38516,38,intensifier
interaction,core,1000,6-0.25-M,3,1.1239,38685,38,intensifier
interaction,core,1000,6-0.25-M,3,1.1536,38771,38,intensifier
interaction,core,1000,6-0.25-M,3,1.3608,38888,38,intensifier
interaction,core,1000,6-0.25-M,3,1.8881,39102,38,intensifier
interaction,core,1000,6-0.25-M,3,2.0948,39158,38,intensifier
interaction,core,1000,6-0.25-M,3,2.1244,39222,38,intensifier
interaction,core,1000,6-0.25-M,3,2.7444,39307,38,intensifier
interaction,core,1000,6-0.25-M,3,3.4200,39473,38,intensifier
interaction,core,1000,6-0.25-M,3,4.2146,39587,38,intensifier
interaction,core,1000,6-0.25-M,3,4.7452,39671,38,intensifier
interaction,core,1000,6-0.25-M,3,6.0707,39681,81,intensifier
interaction,core,1000,6-0.25-M,3,6.1005,39722,81,intensifier
interaction,core,1000,6-0.25-M,3,6.1302,39729,81,intensifier
interaction,core,1000,6-0.25-M,3,6.1600,39782,81,intensifier
interaction,core,1000,6-0.25-M,3,8.3354,39823,38,intensifier
interaction,core,1000,6-0.25-M,3,8.8352,39902,15,intensifier
interaction,core,1000,6-0.25-M,3,10.0995,39978,15,intensifier
interaction,core,1000,6-0.25-M,3,12.7127,40042,61,intensifier
interaction,core,1000,6-0.25-M,3,12.7423,40201,80,intensifier
interaction,core,1000,6-0.25-M,3,14.6842,40267,61,intensifier
interaction,core,1000,6-0.25-M,3,24.7361,40324,34,intensifier
interaction,core,1000,6-0.25-M,3,27.1204,40351,34,intensifier
interaction,core,1000,6-0.25-M,3,27.5323,40434,60,intensifier
interaction,core,1000,6-0.25-M,3,155.0801,40444,25,intensifier
interaction,core,1000,6-0.25-M,3,155.4617,40609,75,intensifier
interaction,core,1000,6-0.25-M,3,155.7864,40659,44,intensifier
interaction,core,1000,6-0.25-M,3,330.9382,40757,71,intensifier
interaction,core,1000,5-0.5-P,1,0.4656,267629,22,intensifier
interaction,core,1000,5-0.5-P,1,0.5222,268113,51,intensifier
interaction,core,1000,5-0.5-P,1,0.5522,268616,48,intensifier
interaction,core,1000,5-0.5-P,1,0.5825,268914,48,intensifier
interaction,core,1000,5-0.5-P,1,0.6406,269071,48,intensifier
interaction,core,1000,5-0.5-P,1,0.6709,269146,79,intensifier
interaction,core,1000,5-0.5-P,1,0.6996,269704,79,intensifier
interaction,core,1000,5-0.5-P,1,0.7290,269993,79,intensifier
interaction,core,1000,5-0.5-P,1,0.8183,270427,79,intensifier
interaction,core,1000,5-0.5-P,1,1.1127,270748,79,intensifier
interaction,core,1000,5-0.5-P,1,1.1714,271012,79,intensifier
interaction,core,1000,5-0.5-P,1,1.2585,271191,79,intensifier
interaction,core,1000,5-0.5-P,1,1.3764,271214,79,intensifier
interaction,core,1000,5-0.5-P,1,1.4065,271261,79,intensifier
interaction,core,1000,5-0.5-P,1,1.5543,271588,79,intensifier
interaction,core,1000,5-0.5-P,1,1.6433,271635,79,intensifier
interaction,core,1000,5-0.5-P,1,2.0264,271734,79,intensifier
interaction,core,1000,5-0.5-P,1,2.4911,271752,79,intensifier
interaction,core,1000,5-0.5-P,1,2.6967,271818,79,intensifier
interaction,core,1000,5-0.5-P,1,2.8142,271906,79,intensifier
interaction,core,1000,5-0.5-P,1,2.8434,271943,79,intensifier
interaction,core,1000,5-0.5-P,1,2.8722,271967,79,intensifier
interaction,core,1000,5-0.5-P,1,3.1362,272043,79,intensifier
interaction,core,1000,5-0.5-P,1,3.1670,272223,79,intensifier
interaction,core,1000,5-0.5-P,1,3.2855,272298,79,intensifier
interaction,core,1000,5-0.5-P,1,3.3446,272318,79,intensifier
interaction,core,1000,5-0.5-P,1,3.4923,272400,79,intensifier
interaction,core,1000,5-0.5-P,1,4.0482,272419,79,intensifier
interaction,core,1000,5-0.5-P,1,5.4497,272460,79,intensifier
interaction,core,1000,5-0.5-P,1,5.7732,272788,79,intensifier
interaction,core,1000,5-0.5-P,1,6.7458,272817,79,intensifier
interaction,core,1000,5-0.5-P,1,7.8275,272823,79,intensifier
interaction,core,1000,5-0.5-P,1,9.5049,272855,60,intensifier
interaction,core,1000,5-0.5-P,1,16.5831,272953,60,intensifier
interaction,core,1000,5-0.5-P,1,20.2315,272988,60,intensifier
interaction,core,1000,5-0.5-P,1,21.9698,273086,60,intensifier
interaction,core,1000,5-0.5-P,1,25.3723,273189,60,intensifier
interaction,core,1000,5-0.5-P,1,26.7659,273313,60,intensifier
interaction,core,1000,5-0.5-P,1,41.2100,273411,57,intensifier
interaction,core,1000,5-0.5-P,1,45.8010,273470,57,intensifier
interaction,core,1000,5-0.5-P,1,49.8684,273487,41,intensifier
interaction,core,1000,5-0.5-P,1,51.0835,273552,57,intensifier
interaction,core,1000,5-0.5-P,1,61.1983,273606,25,intensifier
interaction,core,1000,5-0.5-P,1,61.4941,273715,39,intensifier
interaction,core,1000,5-0.5-P,1,257.8569,273735,53,intensifier
interaction,core,1000,5-0.5-P,1,259.8137,273765,64,intensifier
interaction,core,1000,5-0.5-P,1,356.1532,273777,16,intensifier
interaction,core,1000,5-0.5-P,1,513.2850,273778,26,intensifier
interaction,core,1000,5-0.5-P,2,0.3917,264754,58,intensifier
interaction,core,1000,5-0.5-P,2,0.4603,266906,58,intensifier
interaction,core,1000,5-0.5-P,2,0.4903,267979,58,intensifier
interaction,core,1000,5-0.5-P,2,0.5201,268167,58,intensifier
interaction,core,1000,5-0.5-P,2,0.5497,268267,58,intensifier
interaction,core,1000,5-0.5-P,2,0.5797,268778,15,intensifier
interaction,core,1000,5-0.5-P,2,0.6090,269705,15,intensifier
interaction,core,1000,5-0.5-P,2,0.6389,270140,15,intensifier
interaction,core,1000,5-0.5-P,2,0.7547,270358,15,intensifier
interaction,core,1000,5-0.5-P,2,0.8430,270413,15,intensifier
interaction,core,1000,5-0.5-P,2,0.8718,270426,15,intensifier
interaction,core,1000,5-0.5-P,2,1.0191,270508,15,intensifier
interaction,core,1000,5-0.5-P,2,1.1674,270811,15,intensifier
interaction,core,1000,5-0.5-P,2,1.6101,270827,15,intensifier
interaction,core,1000,5-0.5-P,2,1.6983,271003,15,intensifier
interaction,core,1000,5-0.5-P,2,1.7281,271062,15,intensifier
interaction,core,1000,5-0.5-P,2,1.8756,271177,15,intensifier
interaction,core,1000,5-0.5-P,2,2.0827,271263,15,intensifier
interaction,core,1000,5-0.5-P,2,2.7577,271323,15,intensifier
interaction,core,1000,5-0.5-P,2,2.8477,271385,15,intensifier
interaction,core,1000,5-0.5-P,2,2.9065,271581,15,intensifier
interaction,core,1000,5-0.5-P,2,3.5826,271655,15,intensifier
interaction,core,1000,5-0.5-P,2,3.6123,271752,15,intensifier
interaction,core,1000,5-0.5-P,2,3.6711,271754,15,intensifier
interaction,core,1000,5-0.5-P,2,5.4265,271808,15,intensifier
interaction,core,1000,5-0.5-P,2,6.4243,271963,15,intensifier
interaction,core,1000,5-0.5-P,2,7.1296,272034,15,intensifier
interaction,core,1000,5-0.5-P,2,7.1593,272070,15,intensifier
interaction,core,1000,5-0.5-P,2,7.3346,272074,15,intensifier
interaction,core,1000,5-0.5-P,2,7.4217,272121,15,intensifier
interaction,core,1000,5-0.5-P,2,7.9506,272166,15,intensifier
interaction,core,1000,5-0.5-P,2,8.0390,272278,15,intensifier
interaction,core,1000,5-0.5-P,2,8.2438,272341,15,intensifier
interaction,core,1000,5-0.5-P,2,8.9206,272397,15,intensifier
interaction,core,1000,5-0.5-P,2,10.0632,272454,15,intensifier
interaction,core,1000,5-0.5-P,2,10.1525,272645,15,intensifier
interaction,core,1000,5-0.5-P,2,12.3070,272717,15,intensifier
interaction,core,1000,5-0.5-P,2,14.3716,272728,2,intensifier
interaction,core,1000,5-0.5-P,2,16.2267,272820,15,intensifier
interaction,core,1000,5-0.5-P,2,19.3076,272936,15,intensifier
interaction,core,1000,5-0.5-P,2,54.0880,272995,21,intensifier
interaction,core,1000,5-0.5-P,2,116.0331,273297,82,intensifier
interaction,core,1000,5-0.5-P,2,285.8935,273362,31,intensifier
interaction,core,1000,5-0.5-P,2,301.1346,273389,7,intensifier
interaction,core,1000,5-0.5-P,2,308.1495,273420,7,intensifier
interaction,core,1000,5-0.5-P,2,329.1479,273497,81,intensifier
interaction,core,1000,5-0.5-P,2,332.8478,273577,81,intensifier
interaction,core,1000,5-0.5-P,2,498.4880,273648,64,intensifier
interaction,core,1000,5-0.5-P,2,503.7528,273693,64,intensifier
interaction,core,1000,5-0.5-P,3,0.4281,265133,3,intensifier
interaction,core,1000,5-0.5-P,3,0.4906,266942,53,intensifier
interaction,core,1000,5-0.5-P,3,0.5196,267976,22,intensifier
interaction,core,1000,5-0.5-P,3,0.5493,267986,22,intensifier
interaction,core,1000,5-0.5-P,3,0.5780,268451,22,intensifier
interaction,core,1000,5-0.5-P,3,0.6682,269063,56,intensifier
interaction,core,1000,5-0.5-P,3,0.6970,269200,56,intensifier
interaction,core,1000,5-0.5-P,3,0.7582,269527,56,intensifier
interaction,core,1000,5-0.5-P,3,0.7866,270080,56,intensifier
interaction,core,1000,5-0.5-P,3,0.8175,270600,56,intensifier
interaction,core,1000,5-0.5-P,3,0.8750,270608,56,intensifier
interaction,core,1000,5-0.5-P,3,0.9054,271022,56,intensifier
interaction,core,1000,5-0.5-P,3,0.9920,271030,56,intensifier
interaction,core,1000,5-0.5-P,3,1.0223,271338,56,intensifier
interaction,core,1000,5-0.5-P,3,1.1095,271459,56,intensifier
interaction,core,1000,5-0.5-P,3,1.1719,271665,56,intensifier
interaction,core,1000,5-0.5-P,3,1.6706,271684,56,intensifier
interaction,core,1000,5-0.5-P,3,1.7581,271713,56,intensifier
interaction,core,1000,5-0.5-P,3,1.7879,272016,56,intensifier
interaction,core,1000,5-0.5-P,3,1.8768,272141,56,intensifier
interaction,core,1000,5-0.5-P,3,1.9355,272185,56,intensifier
interaction,core,1000,5-0.5-P,3,3.1939,272374,56,intensifier
interaction,core,1000,5-0.5-P,3,3.2539,272428,56,intensifier
interaction,core,1000,5-0.5-P,3,3.5158,272435,56,intensifier
interaction,core,1000,5-0.5-P,3,4.3065,272469,56,intensifier
interaction,core,1000,5-0.5-P,3,4.4563,272502,56,intensifier
interaction,core,1000,5-0.5-P,3,4.4855,272525,56,intensifier
interaction,core,1000,5-0.5-P,3,7.1799,272636,56,intensifier
interaction,core,1000,5-0.5-P,3,12.2748,272651,56,intensifier
interaction,core,1000,5-0.5-P,3,12.3046,272757,56,intensifier
interaction,core,1000,5-0.5-P,3,39.7038,272770,2,intensifier
interaction,core,1000,5-0.5-P,3,41.2616,272799,75,intensifier
interaction,core,1000,5-0.5-P,3,43.4580,272882,75,intensifier
interaction,core,1000,5-0.5-P,3,43.9885,272930,75,intensifier
interaction,core,1000,5-0.5-P,3,45.5973,272958,40,intensifier
interaction,core,1000,5-0.5-P,3,49.4495,272983,66,intensifier
interaction,core,1000,5-0.5-P,3,50.2053,273030,66,intensifier
interaction,core,1000,5-0.5-P,3,51.2085,273050,66,intensifier
interaction,core,1000,5-0.5-P,3,51.8566,273141,66,intensifier
interaction,core,1000,5-0.5-P,3,58.9498,273236,66,intensifier
interaction,core,1000,5-0.5-P,3,60.6046,273447,22,intensifier
interaction,core,1000,5-0.5-P,3,75.8022,273450,83,intensifier
interaction,core,1000,5-0.5-P,3,79.7084,273505,83,intensifier
interaction,core,1000,5-0.5-P,3,250.3372,273516,35,intensifier
interaction,core,1000,5-0.5-P,3,338.1466,273601,83,intensifier
interaction,core,1000,5-0.5-P,3,596.5844,273625,68,intensifier
interaction,core,1000,2-0.5-M,1,0.4633,51378,74,intensifier
interaction,core,1000,2-0.5-M,1,0.5205,52382,11,intensifier
interaction,core,1000,2-0.5-M,1,0.5501,53230,74,intensifier
interaction,core,1000,2-0.5-M,1,0.5799,53391,74,intensifier
interaction,core,1000,2-0.5-M,1,0.6099,53917,74,intensifier
interaction,core,1000,2-0.5-M,1,0.6393,54672,74,intensifier
interaction,core,1000,2-0.5-M,1,0.6691,54746,74,intensifier
interaction,core,1000,2-0.5-M,1,0.6987,54751,74,intensifier
interaction,core,1000,2-0.5-M,1,0.7280,54920,74,intensifier
interaction,core,1000,2-0.5-M,1,0.8162,55013,74,intensifier
interaction,core,1000,2-0.5-M,1,0.8464,55026,74,intensifier
interaction,core,1000,2-0.5-M,1,0.9944,55154,74,intensifier
interaction,core,1000,2-0.5-M,1,1.0242,55266,74,intensifier
interaction,core,1000,2-0.5-M,1,1.0543,55327,74,intensifier
interaction,core,1000,2-0.5-M,1,1.1136,55367,74,intensifier
interaction,core,1000,2-0.5-M,1,1.1431,55473,74,intensifier
interaction,core,1000,2-0.5-M,1,1.4681,55480,74,intensifier
interaction,core,1000,2-0.5-M,1,1.5573,55507,74,intensifier
interaction,core,1000,2-0.5-M,1,1.6758,55745,74,intensifier
interaction,core,1000,2-0.5-M,1,1.7054,56066,74,intensifier
interaction,core,1000,2-0.5-M,1,1.8833,56130,74,intensifier
interaction,core,1000,2-0.5-M,1,1.9421,56370,74,intensifier
interaction,core,1000,2-0.5-M,1,2.0876,56537,74,intensifier
interaction,core,1000,2-0.5-M,1,2.8768,56538,74,intensifier
interaction,core,1000,2-0.5-M,1,3.0821,56547,74,intensifier
interaction,core,1000,2-0.5-M,1,3.2859,56550,74,intensifier
interaction,core,1000,2-0.5-M,1,3.3439,56794,74,intensifier
interaction,core,1000,2-0.5-M,1,3.9006,56933,74,intensifier
interaction,core,1000,2-0.5-M,1,3.9590,56942,74,intensifier
interaction,core,1000,2-0.5-M,1,5.1910,57023,74,intensifier
interaction,core,1000,2-0.5-M,1,5.5453,57025,74,intensifier
interaction,core,1000,2-0.5-M,1,9.2755,57062,74,intensifier
interaction,core,1000,2-0.5-M,1,11.3840,57064,75,intensifier
interaction,core,1000,2-0.5-M,1,14.3996,57134,75,intensifier
interaction,core,1000,2-0.5-M,1,15.1010,57185,75,intensifier
interaction,core,1000,2-0.5-M,1,16.5009,57356,70,intensifier
interaction,core,1000,2-0.5-M,1,52.5966,57429,52,intensifier
interaction,core,1000,2-0.5-M,1,80.7324,57431,33,intensifier
interaction,core,1000,2-0.5-M,1,81.7277,57464,36,intensifier
interaction,core,1000,2-0.5-M,1,81.7866,57518,50,intensifier
interaction,core,1000,2-0.5-M,1,99.2633,57540,75,intensifier
interaction,core,1000,2-0.5-M,1,152.8810,57541,51,intensifier
interaction,core,1000,2-0.5-M,1,156.3941,57652,13,intensifier
interaction,core,1000,2-0.5-M,1,198.8482,57706,11,intensifier
interaction,core,1000,2-0.5-M,1,252.0664,57753,14,intensifier
interaction,core,1000,2-0.5-M,1,254.1238,57765,49,intensifier
interaction,core,1000,2-0.5-M,1,260.1280,57845,46,intensifier
interaction,core,1000,2-0.5-M,1,260.8354,57846,28,intensifier
interaction,core,1000,2-0.5-M,1,280.9605,57959,24,intensifier
interaction,core,1000,2-0.5-M,1,525.9902,57961,82,intensifier
interaction,core,1000,2-0.5-M,2,0.3118,46355,33,intensifier
interaction,core,1000,2-0.5-M,2,0.3904,50428,36,intensifier
interaction,core,1000,2-0.5-M,2,0.4210,51365,36,intensifier
interaction,core,1000,2-0.5-M,2,0.4496,52305,36,intensifier
interaction,core,1000,2-0.5-M,2,0.4794,52990,36,intensifier
interaction,core,1000,2-0.5-M,2,0.5096,53014,34,intensifier
interaction,core,1000,2-0.5-M,2,0.5399,53143,36,intensifier
interaction,core,1000,2-0.5-M,2,0.5701,53375,11,intensifier
interaction,core,1000,2-0.5-M,2,0.6012,53653,35,intensifier
interaction,core,1000,2-0.5-M,2,0.6304,53746,11,intensifier
interaction,core,1000,2-0.5-M,2,0.6892,53807,11,intensifier
interaction,core,1000,2-0.5-M,2,0.7488,54185,11,intensifier
interaction,core,1000,2-0.5-M,2,0.7791,54356,11,intensifier
interaction,core,1000,2-0.5-M,2,0.8097,54502,11,intensifier
interaction,core,1000,2-0.5-M,2,0.8386,54605,11,intensifier
interaction,core,1000,2-0.5-M,2,0.8691,54990,11,intensifier
interaction,core,1000,2-0.5-M,2,1.3112,55250,11,intensifier
interaction,core,1000,2-0.5-M,2,1.5769,55357,11,intensifier
interaction,core,1000,2-0.5-M,2,1.6355,55516,11,intensifier
interaction,core,1000,2-0.5-M,2,1.6645,55698,11,intensifier
interaction,core,1000,2-0.5-M,2,1.6935,55750,11,intensifier
interaction,core,1000,2-0.5-M,2,2.1635,55851,11,intensifier
interaction,core,1000,2-0.5-M,2,2.2524,55945,11,intensifier
interaction,core,1000,2-0.5-M,2,2.2838,55992,11,intensifier
interaction,core,1000,2-0.5-M,2,2.5469,56069,11,intensifier
interaction,core,1000,2-0.5-M,2,3.0478,56097,11,intensifier
interaction,core,1000,2-0.5-M,2,3.1639,56108,11,intensifier
interaction,core,1000,2-0.5-M,2,3.1946,56116,11,intensifier
interaction,core,1000,2-0.5-M,2,3.3420,56295,11,intensifier
interaction,core,1000,2-0.5-M,2,3.3708,56330,11,intensifier
interaction,core,1000,2-0.5-M,2,3.4008,56429,11,intensifier
interaction,core,1000,2-0.5-M,2,3.5477,56538,11,intensifier
interaction,core,1000,2-0.5-M,2,3.6661,56584,11,intensifier
interaction,core,1000,2-0.5-M,2,4.1959,56838,11,intensifier
interaction,core,1000,2-0.5-M,2,4.2253,56913,11,intensifier
interaction,core,1000,2-0.5-M,2,4.5488,56931,11,intensifier
interaction,core,1000,2-0.5-M,2,4.9033,57001,11,intensifier
interaction,core,1000,2-0.5-M,2,4.9327,57007,11,intensifier
interaction,core,1000,2-0.5-M,2,7.1904,57016,11,intensifier
interaction,core,1000,2-0.5-M,2,8.4776,57143,11,intensifier
interaction,core,1000,2-0.5-M,2,10.6493,57183,11,intensifier
interaction,core,1000,2-0.5-M,2,11.8264,57242,11,intensifier
interaction,core,1000,2-0.5-M,2,13.8446,57287,25,intensifier
interaction,core,1000,2-0.5-M,2,17.0814,57306,25,intensifier
interaction,core,1000,2-0.5-M,2,17.6105,57309,73,intensifier
interaction,core,1000,2-0.5-M,2,17.7279,57395,73,intensifier
interaction,core,1000,2-0.5-M,2,23.1619,57397,73,intensifier
interaction,core,1000,2-0.5-M,2,34.4033,57411,37,intensifier
interaction,core,1000,2-0.5-M,2,34.4332,57414,34,intensifier
interaction,core,1000,2-0.5-M,2,35.0217,57495,28,intensifier
interaction,core,1000,2-0.5-M,2,40.4376,57719,34,intensifier
interaction,core,1000,2-0.5-M,2,41.8702,57756,34,intensifier
interaction,core,1000,2-0.5-M,2,72.9861,57797,63,intensifier
interaction,core,1000,2-0.5-M,2,142.4819,57823,62,intensifier
interaction,core,1000,2-0.5-M,2,198.4737,57825,13,intensifier
interaction,core,1000,2-0.5-M,2,199.7651,57876,43,intensifier
interaction,core,1000,2-0.5-M,2,201.3522,57979,71,intensifier
interaction,core,1000,2-0.5-M,2,421.9340,58119,77,intensifier
interaction,core,1000,2-0.5-M,3,0.4151,49263,44,intensifier
interaction,core,1000,2-0.5-M,3,0.4793,51455,45,intensifier
interaction,core,1000,2-0.5-M,3,0.5099,51989,45,intensifier
interaction,core,1000,2-0.5-M,3,0.5404,52034,45,intensifier
interaction,core,1000,2-0.5-M,3,0.5697,52388,45,intensifier
interaction,core,1000,2-0.5-M,3,0.5970,52887,45,intensifier
interaction,core,1000,2-0.5-M,3,0.6295,53105,45,intensifier
interaction,core,1000,2-0.5-M,3,0.6577,53532,54,intensifier
interaction,core,1000,2-0.5-M,3,0.6869,53605,54,intensifier
interaction,core,1000,2-0.5-M,3,0.7160,53874,45,intensifier
interaction,core,1000,2-0.5-M,3,0.7451,54098,45,intensifier
interaction,core,1000,2-0.5-M,3,0.8646,54660,81,intensifier
interaction,core,1000,2-0.5-M,3,0.8929,54775,81,intensifier
interaction,core,1000,2-0.5-M,3,0.9229,54921,81,intensifier
interaction,core,1000,2-0.5-M,3,0.9524,55396,81,intensifier
interaction,core,1000,2-0.5-M,3,0.9825,55484,81,intensifier
interaction,core,1000,2-0.5-M,3,1.2150,55709,81,intensifier
interaction,core,1000,2-0.5-M,3,1.2747,55720,81,intensifier
interaction,core,1000,2-0.5-M,3,1.6278,55773,81,intensifier
interaction,core,1000,2-0.5-M,3,1.6867,55774,81,intensifier
interaction,core,1000,2-0.5-M,3,1.8023,55794,81,intensifier
interaction,core,1000,2-0.5-M,3,2.3022,56197,65,intensifier
interaction,core,1000,2-0.5-M,3,2.3328,56445,65,intensifier
interaction,core,1000,2-0.5-M,3,2.9461,56455,65,intensifier
interaction,core,1000,2-0.5-M,3,3.7968,56534,65,intensifier
interaction,core,1000,2-0.5-M,3,4.3835,56678,65,intensifier
interaction,core,1000,2-0.5-M,3,5.6115,56727,65,intensifier
interaction,core,1000,2-0.5-M,3,8.6614,56821,65,intensifier
interaction,core,1000,2-0.5-M,3,10.8660,56990,65,intensifier
interaction,core,1000,2-0.5-M,3,11.3624,56991,65,intensifier
interaction,core,1000,2-0.5-M,3,12.2661,57012,72,intensifier
interaction,core,1000,2-0.5-M,3,12.7350,57143,72,intensifier
interaction,core,1000,2-0.5-M,3,14.8766,57186,72,intensifier
interaction,core,1000,2-0.5-M,3,15.9030,57223,72,intensifier
interaction,core,1000,2-0.5-M,3,34.1483,57425,29,intensifier
interaction,core,1000,2-0.5-M,3,34.5837,57560,41,intensifier
interaction,core,1000,2-0.5-M,3,70.0809,57600,82,intensifier
interaction,core,1000,2-0.5-M,3,74.7222,57661,53,intensifier
interaction,core,1000,2-0.5-M,3,81.2085,57700,53,intensifier
interaction,core,1000,2-0.5-M,3,84.6658,57713,53,intensifier
interaction,core,1000,2-0.5-M,3,87.8019,57733,14,intensifier
interaction,core,1000,2-0.5-M,3,87.9210,57785,41,intensifier
interaction,core,1000,2-0.5-M,3,297.3474,57790,20,intensifier
interaction,core,1000,2-0.5-M,3,300.1064,57841,58,intensifier
interaction,core,1000,2-0.5-M,3,300.1654,57963,58,intensifier
interaction,core,1000,2-0.5-M,3,435.4815,57964,24,intensifier
interaction,core,1000,2-0.5-M,3,457.6116,58034,56,intensifier
interaction,core,1000,6-0.75-P,1,0.0969,316527,20,intensifier
interaction,core,1000,6-0.75-P,1,0.3139,344998,50,intensifier
interaction,core,1000,6-0.75-P,1,0.3453,345788,50,intensifier
interaction,core,1000,6-0.75-P,1,0.3749,346348,50,intensifier
interaction,core,1000,6-0.75-P,1,0.4622,346902,81,intensifier
interaction,core,1000,6-0.75-P,1,0.4924,347182,72,intensifier
interaction,core,1000,6-0.75-P,1,0.5227,347401,72,intensifier
interaction,core,1000,6-0.75-P,1,0.5528,347767,72,intensifier
interaction,core,1000,6-0.75-P,1,0.5830,348107,47,intensifier
interaction,core,1000,6-0.75-P,1,0.6131,348663,47,intensifier
interaction,core,1000,6-0.75-P,1,0.6743,348995,47,intensifier
interaction,core,1000,6-0.75-P,1,0.8505,349010,47,intensifier
interaction,core,1000,6-0.75-P,1,1.1482,349190,47,intensifier
interaction,core,1000,6-0.75-P,1,1.2977,349286,47,intensifier
interaction,core,1000,6-0.75-P,1,1.3279,349308,47,intensifier
interaction,core,1000,6-0.75-P,1,1.5367,349443,47,intensifier
interaction,core,1000,6-0.75-P,1,1.5668,349588,47,intensifier
interaction,core,1000,6-0.75-P,1,1.7472,349623,47,intensifier
interaction,core,1000,6-0.75-P,1,2.7546,349630,47,intensifier
interaction,core,1000,6-0.75-P,1,2.9043,349697,47,intensifier
interaction,core,1000,6-0.75-P,1,4.7640,349915,47,intensifier
interaction,core,1000,6-0.75-P,1,5.7430,349930,47,intensifier
interaction,core,1000,6-0.75-P,1,6.0674,349932,47,intensifier
interaction,core,1000,6-0.75-P,1,6.0985,349953,47,intensifier
interaction,core,1000,6-0.75-P,1,10.3049,350123,47,intensifier
interaction,core,1000,6-0.75-P,1,13.2664,350217,47,intensifier
interaction,core,1000,6-0.75-P,1,26.2357,350353,5,intensifier
interaction,core,1000,6-0.75-P,1,27.8056,350449,12,intensifier
interaction,core,1000,6-0.75-P,1,30.9419,350495,12,intensifier
interaction,core,1000,6-0.75-P,1,41.4001,350690,20,intensifier
interaction,core,1000,6-0.75-P,1,265.5703,350740,83,intensifier
interaction,core,1000,6-0.75-P,1,272.0483,350753,44,intensifier
interaction,core,1000,6-0.75-P,1,355.4628,350846,49,intensifier
interaction,core,1000,6-0.75-P,2,0.1066,319805,25,intensifier
interaction,core,1000,6-0.75-P,2,0.3095,344759,70,intensifier
interaction,core,1000,6-0.75-P,2,0.3396,345040,70,intensifier
interaction,core,1000,6-0.75-P,2,0.3696,345663,67,intensifier
interaction,core,1000,6-0.75-P,2,0.3993,345920,60,intensifier
interaction,core,1000,6-0.75-P,2,0.4288,346462,60,intensifier
interaction,core,1000,6-0.75-P,2,0.4590,346987,24,intensifier
interaction,core,1000,6-0.75-P,2,0.4884,347092,24,intensifier
interaction,core,1000,6-0.75-P,2,0.5179,347389,24,intensifier
interaction,core,1000,6-0.75-P,2,0.5769,347555,24,intensifier
interaction,core,1000,6-0.75-P,2,0.7862,347796,79,intensifier
interaction,core,1000,6-0.75-P,2,0.8163,348168,80,intensifier
interaction,core,1000,6-0.75-P,2,0.8468,348235,80,intensifier
interaction,core,1000,6-0.75-P,2,0.9340,348269,80,intensifier
interaction,core,1000,6-0.75-P,2,0.9644,348381,80,intensifier
interaction,core,1000,6-0.75-P,2,1.0226,348597,80,intensifier
interaction,core,1000,6-0.75-P,2,1.5270,348621,80,intensifier
interaction,core,1000,6-0.75-P,2,1.6167,348680,80,intensifier
interaction,core,1000,6-0.75-P,2,1.7065,348812,80,intensifier
interaction,core,1000,6-0.75-P,2,2.2409,348930,80,intensifier
interaction,core,1000,6-0.75-P,2,2.2710,349034,80,intensifier
interaction,core,1000,6-0.75-P,2,2.3027,349116,80,intensifier
interaction,core,1000,6-0.75-P,2,2.3915,349178,80,intensifier
interaction,core,1000,6-0.75-P,2,2.4489,349334,80,intensifier
interaction,core,1000,6-0.75-P,2,2.7152,349509,80,intensifier
interaction,core,1000,6-0.75-P,2,2.8643,349750,80,intensifier
interaction,core,1000,6-0.75-P,2,3.3991,349791,80,intensifier
interaction,core,1000,6-0.75-P,2,5.0811,349827,80,intensifier
interaction,core,1000,6-0.75-P,2,5.2876,349872,80,intensifier
interaction,core,1000,6-0.75-P,2,5.8193,349996,80,intensifier
interaction,core,1000,6-0.75-P,2,9.2263,350057,80,intensifier
interaction,core,1000,6-0.75-P,2,55.8828,350193,34,intensifier
interaction,core,1000,6-0.75-P,2,68.4002,350282,44,intensifier
interaction,core,1000,6-0.75-P,2,72.7234,350284,31,intensifier
interaction,core,1000,6-0.75-P,2,104.5928,350293,49,intensifier
interaction,core,1000,6-0.75-P,2,106.6677,350451,49,intensifier
interaction,core,1000,6-0.75-P,2,106.6974,350585,49,intensifier
interaction,core,1000,6-0.75-P,2,218.8092,350623,83,intensifier
interaction,core,1000,6-0.75-P,2,221.2043,350679,82,intensifier
interaction,core,1000,6-0.75-P,2,252.9127,350691,65,intensifier
interaction,core,1000,6-0.75-P,2,277.2472,350752,33,intensifier
interaction,core,1000,6-0.75-P,2,318.1099,350817,14,intensifier
interaction,core,1000,6-0.75-P,2,365.2363,350902,55,intensifier
interaction,core,1000,6-0.75-P,2,365.8006,350916,51,intensifier
interaction,core,1000,6-0.75-P,3,0.5937,347642,60,intensifier
interaction,core,1000,6-0.75-P,3,0.6288,347797,60,intensifier
interaction,core,1000,6-0.75-P,3,0.6883,347918,60,intensifier
interaction,core,1000,6-0.75-P,3,0.7175,348313,60,intensifier
interaction,core,1000,6-0.75-P,3,0.7487,348478,60,intensifier
interaction,core,1000,6-0.75-P,3,0.8083,348633,60,intensifier
interaction,core,1000,6-0.75-P,3,0.8669,348811,60,intensifier
interaction,core,1000,6-0.75-P,3,0.8967,348854,60,intensifier
interaction,core,1000,6-0.75-P,3,0.9265,348926,60,intensifier
interaction,core,1000,6-0.75-P,3,1.1324,348947,60,intensifier
interaction,core,1000,6-0.75-P,3,1.1619,348964,60,intensifier
interaction,core,1000,6-0.75-P,3,1.1914,349017,60,intensifier
interaction,core,1000,6-0.75-P,3,2.1985,349030,60,intensifier
interaction,core,1000,6-0.75-P,3,2.3462,349238,60,intensifier
interaction,core,1000,6-0.75-P,3,2.3756,349584,60,intensifier
interaction,core,1000,6-0.75-P,3,6.0377,349683,60,intensifier
interaction,core,1000,6-0.75-P,3,6.5978,349727,60,intensifier
interaction,core,1000,6-0.75-P,3,6.9235,349740,72,intensifier
interaction,core,1000,6-0.75-P,3,6.9542,349797,72,intensifier
interaction,core,1000,6-0.75-P,3,6.9838,349844,72,intensifier
interaction,core,1000,6-0.75-P,3,7.6033,349969,72,intensifier
interaction,core,1000,6-0.75-P,3,33.3946,350174,7,intensifier
interaction,core,1000,6-0.75-P,3,33.7835,350206,7,intensifier
interaction,core,1000,6-0.75-P,3,37.0327,350237,1,intensifier
interaction,core,1000,6-0.75-P,3,39.2722,350324,1,intensifier
interaction,core,1000,6-0.75-P,3,43.4722,350436,1,intensifier
interaction,core,1000,6-0.75-P,3,100.2023,350530,23,intensifier
interaction,core,1000,6-0.75-P,3,223.6915,350547,34,intensifier
interaction,core,1000,6-0.75-P,3,226.3432,350573,63,intensifier
interaction,core,1000,6-0.75-P,3,301.1209,350669,55,intensifier
interaction,core,1000,6-0.75-P,3,353.3959,350750,34,intensifier
interaction,core,1000,6-0.75-P,3,526.2538,350829,33,intensifier
interaction,core,1000,3-0.75-M,1,0.1126,11617,38,intensifier
interaction,core,1000,3-0.75-M,1,0.3008,32825,10,intensifier
interaction,core,1000,3-0.75-M,1,0.3303,34020,10,intensifier
interaction,core,1000,3-0.75-M,1,0.3598,34430,10,intensifier
interaction,core,1000,3-0.75-M,1,0.3890,34881,10,intensifier
interaction,core,1000,3-0.75-M,1,0.4193,35460,10,intensifier
interaction,core,1000,3-0.75-M,1,0.4485,35748,10,intensifier
interaction,core,1000,3-0.75-M,1,0.4785,35835,10,intensifier
interaction,core,1000,3-0.75-M,1,0.5969,36063,10,intensifier
interaction,core,1000,3-0.75-M,1,0.8045,36297,10,intensifier
interaction,core,1000,3-0.75-M,1,1.1016,36544,10,intensifier
interaction,core,1000,3-0.75-M,1,1.4865,36636,10,intensifier
interaction,core,1000,3-0.75-M,1,1.6943,36777,10,intensifier
interaction,core,1000,3-0.75-M,1,1.7527,36789,10,intensifier
interaction,core,1000,3-0.75-M,1,2.2270,36918,10,intensifier
interaction,core,1000,3-0.75-M,1,2.5528,36993,10,intensifier
interaction,core,1000,3-0.75-M,1,2.9048,37076,10,intensifier
interaction,core,1000,3-0.75-M,1,3.3790,37136,10,intensifier
interaction,core,1000,3-0.75-M,1,4.4431,37201,10,intensifier
interaction,core,1000,3-0.75-M,1,4.5013,37251,10,intensifier
interaction,core,1000,3-0.75-M,1,6.5446,37269,16,intensifier
interaction,core,1000,3-0.75-M,1,7.2547,37336,16,intensifier
interaction,core,1000,3-0.75-M,1,9.8549,37344,16,intensifier
interaction,core,1000,3-0.75-M,1,10.1793,37618,16,intensifier
interaction,core,1000,3-0.75-M,1,25.2719,37638,74,intensifier
interaction,core,1000,3-0.75-M,1,47.2877,37659,7,intensifier
interaction,core,1000,3-0.75-M,1,63.5972,37730,38,intensifier
interaction,core,1000,3-0.75-M,1,64.2205,37834,38,intensifier
interaction,core,1000,3-0.75-M,1,140.5722,37860,45,intensifier
interaction,core,1000,3-0.75-M,1,151.2406,37865,30,intensifier
interaction,core,1000,3-0.75-M,1,166.3487,38071,30,intensifier
interaction,core,1000,3-0.75-M,1,254.2701,38079,29,intensifier
interaction,core,1000,3-0.75-M,1,311.4083,38107,35,intensifier
interaction,core,1000,3-0.75-M,1,421.8386,38174,64,intensifier
interaction,core,1000,3-0.75-M,2,0.1071,10109,72,intensifier
interaction,core,1000,3-0.75-M,2,0.3005,32965,73,intensifier
interaction,core,1000,3-0.75-M,2,0.3302,33687,73,intensifier
interaction,core,1000,3-0.75-M,2,0.3600,34687,73,intensifier
interaction,core,1000,3-0.75-M,2,0.4189,34801,73,intensifier
interaction,core,1000,3-0.75-M,2,0.4490,35000,38,intensifier
interaction,core,1000,3-0.75-M,2,0.4795,35031,38,intensifier
interaction,core,1000,3-0.75-M,2,0.5086,35653,38,intensifier
interaction,core,1000,3-0.75-M,2,0.5690,35768,38,intensifier
interaction,core,1000,3-0.75-M,2,0.6277,35941,38,intensifier
interaction,core,1000,3-0.75-M,2,0.8651,36205,38,intensifier
interaction,core,1000,3-0.75-M,2,0.8957,36250,38,intensifier
interaction,core,1000,3-0.75-M,2,0.9245,36456,38,intensifier
interaction,core,1000,3-0.75-M,2,1.1915,36569,38,intensifier
interaction,core,1000,3-0.75-M,2,1.2517,36812,38,intensifier
interaction,core,1000,3-0.75-M,2,1.5175,36869,38,intensifier
interaction,core,1000,3-0.75-M,2,1.9923,36886,38,intensifier
interaction,core,1000,3-0.75-M,2,2.0229,36988,38,intensifier
interaction,core,1000,3-0.75-M,2,2.6129,37055,38,intensifier
interaction,core,1000,3-0.75-M,2,2.9981,37168,38,intensifier
interaction,core,1000,3-0.75-M,2,5.6658,37205,38,intensifier
interaction,core,1000,3-0.75-M,2,5.6961,37326,38,intensifier
interaction,core,1000,3-0.75-M,2,5.7261,37401,38,intensifier
interaction,core,1000,3-0.75-M,2,8.5035,37501,38,intensifier
interaction,core,1000,3-0.75-M,2,11.4321,37568,75,intensifier
interaction,core,1000,3-0.75-M,2,11.8715,37579,38,intensifier
interaction,core,1000,3-0.75-M,2,11.9617,37611,70,intensifier
interaction,core,1000,3-0.75-M,2,13.1427,37695,75,intensifier
interaction,core,1000,3-0.75-M,2,20.4719,37776,10,intensifier
interaction,core,1000,3-0.75-M,2,54.8603,37786,63,intensifier
interaction,core,1000,3-0.75-M,2,61.3921,37802,44,intensifier
interaction,core,1000,3-0.75-M,2,61.7165,37812,11,intensifier
interaction,core,1000,3-0.75-M,2,78.6608,37866,35,intensifier
interaction,core,1000,3-0.75-M,2,99.2452,37915,27,intensifier
interaction,core,1000,3-0.75-M,2,200.2814,38041,81,intensifier
interaction,core,1000,3-0.75-M,2,261.1925,38175,34,intensifier
interaction,core,1000,3-0.75-M,2,479.1778,38308,42,intensifier
interaction,core,1000,3-0.75-M,3,0.6014,35707,31,intensifier
interaction,core,1000,3-0.75-M,3,1.0149,35865,66,intensifier
interaction,core,1000,3-0.75-M,3,1.0739,35958,66,intensifier
interaction,core,1000,3-0.75-M,3,1.1327,36119,66,intensifier
interaction,core,1000,3-0.75-M,3,1.1929,36247,66,intensifier
interaction,core,1000,3-0.75-M,3,1.2213,36419,66,intensifier
interaction,core,1000,3-0.75-M,3,1.2506,36485,66,intensifier
interaction,core,1000,3-0.75-M,3,1.3391,36501,66,intensifier
interaction,core,1000,3-0.75-M,3,1.3689,36580,66,intensifier
interaction,core,1000,3-0.75-M,3,1.9585,36744,66,intensifier
interaction,core,1000,3-0.75-M,3,2.0200,36749,66,intensifier
interaction,core,1000,3-0.75-M,3,2.9320,36967,66,intensifier
interaction,core,1000,3-0.75-M,3,3.5237,37003,66,intensifier
interaction,core,1000,3-0.75-M,3,5.6238,37079,66,intensifier
interaction,core,1000,3-0.75-M,3,6.6610,37135,76,intensifier
interaction,core,1000,3-0.75-M,3,6.8083,37158,76,intensifier
interaction,core,1000,3-0.75-M,3,7.0142,37566,76,intensifier
interaction,core,1000,3-0.75-M,3,11.2412,37582,76,intensifier
interaction,core,1000,3-0.75-M,3,13.9017,37606,82,intensifier
interaction,core,1000,3-0.75-M,3,14.0488,37621,76,intensifier
interaction,core,1000,3-0.75-M,3,19.0691,37726,76,intensifier
interaction,core,1000,3-0.75-M,3,23.1514,37881,44,intensifier
interaction,core,1000,3-0.75-M,3,26.8149,37897,44,intensifier
interaction,core,1000,3-0.75-M,3,63.7565,37919,36,intensifier
interaction,core,1000,3-0.75-M,3,93.3799,37946,9,intensifier
interaction,core,1000,3-0.75-M,3,96.7088,37972,9,intensifier
interaction,core,1000,3-0.75-M,3,207.7922,38046,7,intensifier
interaction,core,1000,3-0.75-M,3,211.5163,38143,7,intensifier
interaction,core,1000,3-0.75-M,3,461.9749,38155,52,intensifier
interaction,core,1000,3-0.75-M,3,532.0348,38278,82,intensifier
interaction,core,1000,3-0.75-M,3,535.5426,38280,72,intensifier
interaction,noIntPen,1000,4-0.25-P,1,0.6020,133378,53,explorer
interaction,noIntPen,1000,4-0.25-P,1,0.6341,133448,2,explorer
interaction,noIntPen,1000,4-0.25-P,1,0.6640,133645,53,explorer
interaction,noIntPen,1000,4-0.25-P,1,0.7234,133651,53,explorer
interaction,noIntPen,1000,4-0.25-P,1,0.8120,133933,26,explorer
interaction,noIntPen,1000,4-0.25-P,1,1.0489,134026,4,explorer
interaction,noIntPen,1000,4-0.25-P,1,1.1377,134246,59,explorer
interaction,noIntPen,1000,4-0.25-P,1,2.3520,134330,16,explorer
interaction,noIntPen,1000,4-0.25-P,1,2.7946,134463,67,explorer
interaction,noIntPen,1000,4-0.25-P,1,2.8245,134640,67,explorer
interaction,noIntPen,1000,4-0.25-P,1,2.8542,134643,67,explorer
interaction,noIntPen,1000,4-0.25-P,1,3.4749,134676,6,explorer
interaction,noIntPen,1000,4-0.25-P,1,4.4486,134722,59,explorer
interaction,noIntPen,1000,4-0.25-P,1,4.6271,134773,38,explorer
interaction,noIntPen,1000,4-0.25-P,1,4.8938,134790,47,explorer
interaction,noIntPen,1000,4-0.25-P,1,5.8986,134894,66,explorer
interaction,noIntPen,1000,4-0.25-P,1,7.7882,134930,37,explorer
interaction,noIntPen,1000,4-0.25-P,1,12.9252,135004,25,explorer
interaction,noIntPen,1000,4-0.25-P,1,27.7341,135041,36,explorer
interaction,noIntPen,1000,4-0.25-P,1,27.8235,135107,49,explorer
interaction,noIntPen,1000,4-0.25-P,1,39.1731,135220,17,explorer
interaction,noIntPen,1000,4-0.25-P,1,76.1920,135228,79,explorer
interaction,noIntPen,1000,4-0.25-P,1,105.8467,135332,55,explorer
interaction,noIntPen,1000,4-0.25-P,1,244.1463,135518,31,explorer
interaction,noIntPen,1000,4-0.25-P,2,0.6004,133668,14,explorer
interaction,noIntPen,1000,4-0.25-P,2,0.6626,133770,53,explorer
interaction,noIntPen,1000,4-0.25-P,2,0.9888,133982,39,explorer
interaction,noIntPen,1000,4-0.25-P,2,1.0783,134117,39,explorer
interaction,noIntPen,1000,4-0.25-P,2,1.1074,134244,39,explorer
interaction,noIntPen,1000,4-0.25-P,2,1.1672,134668,14,explorer
interaction,noIntPen,1000,4-0.25-P,2,3.4969,134747,37,explorer
interaction,noIntPen,1000,4-0.25-P,2,6.6307,135262,40,explorer
interaction,noIntPen,1000,4-0.25-P,2,414.1767,135327,22,explorer
interaction,noIntPen,1000,4-0.25-P,2,436.2654,135385,67,explorer
interaction,noIntPen,1000,4-0.25-P,3,0.5679,133413,42,explorer
interaction,noIntPen,1000,4-0.25-P,3,0.6012,133465,42,explorer
interaction,noIntPen,1000,4-0.25-P,3,0.6610,133675,40,explorer
interaction,noIntPen,1000,4-0.25-P,3,0.8974,133699,22,explorer
interaction,noIntPen,1000,4-0.25-P,3,1.0457,133970,44,explorer
interaction,noIntPen,1000,4-0.25-P,3,1.1943,134219,59,explorer
interaction,noIntPen,1000,4-0.25-P,3,1.3427,134424,71,explorer
interaction,noIntPen,1000,4-0.25-P,3,2.6757,134460,21,explorer
interaction,noIntPen,1000,4-0.25-P,3,2.9426,134786,20,explorer
interaction,noIntPen,1000,4-0.25-P,3,2.9726,134820,20,explorer
interaction,noIntPen,1000,4-0.25-P,3,3.4739,135070,26,explorer
interaction,noIntPen,1000,4-0.25-P,3,15.3967,135167,31,explorer
interaction,noIntPen,1000,4-0.25-P,3,15.4265,135325,31,explorer
interaction,noIntPen,1000,4-0.25-P,3,454.7000,135498,5,explorer
interaction,noIntPen,1000,4-0.25-P,3,468.9299,135552,31,explorer
interaction,noIntPen,1000,6-0.25-M,1,0.6033,37240,11,explorer
interaction,noIntPen,1000,6-0.25-M,1,0.6361,37245,34,explorer
interaction,noIntPen,1000,6-0.25-M,1,0.6659,37419,44,explorer
interaction,noIntPen,1000,6-0.25-M,1,0.8728,37566,73,explorer
interaction,noIntPen,1000,6-0.25-M,1,1.2855,37736,59,explorer
interaction,noIntPen,1000,6-0.25-M,1,1.4623,37815,80,explorer
interaction,noIntPen,1000,6-0.25-M,1,2.5819,37835,24,explorer
interaction,noIntPen,1000,6-0.25-M,1,2.6115,37925,24,explorer
interaction,noIntPen,1000,6-0.25-M,1,3.9622,38330,32,explorer
interaction,noIntPen,1000,6-0.25-M,1,3.9920,38531,32,explorer
interaction,noIntPen,1000,6-0.25-M,1,83.5196,38546,44,explorer
interaction,noIntPen,1000,6-0.25-M,1,118.9824,38936,45,explorer
interaction,noIntPen,1000,6-0.25-M,1,119.0132,38977,45,explorer
interaction,noIntPen,1000,6-0.25-M,2,0.6343,37130,21,explorer
interaction,noIntPen,1000,6-0.25-M,2,0.6694,37145,63,explorer
interaction,noIntPen,1000,6-0.25-M,2,0.6992,37374,63,explorer
interaction,noIntPen,1000,6-0.25-M,2,0.8466,37658,71,explorer
interaction,noIntPen,1000,6-0.25-M,2,1.5792,37691,73,explorer
interaction,noIntPen,1000,6-0.25-M,2,1.7284,37819,20,explorer
interaction,noIntPen,1000,6-0.25-M,2,1.7585,38262,20,explorer
interaction,noIntPen,1000,6-0.25-M,2,21.6714,38392,74,explorer
interaction,noIntPen,1000,6-0.25-M,2,45.9500,38456,27,explorer
interaction,noIntPen,1000,6-0.25-M,2,57.3110,38466,26,explorer
interaction,noIntPen,1000,6-0.25-M,2,62.1361,38589,6,explorer
interaction,noIntPen,1000,6-0.25-M,2,185.0386,38700,47,explorer
interaction,noIntPen,1000,6-0.25-M,2,321.6331,38817,1,explorer
interaction,noIntPen,1000,6-0.25-M,3,0.4939,36863,58,explorer
interaction,noIntPen,1000,6-0.25-M,3,0.5603,37545,31,explorer
interaction,noIntPen,1000,6-0.25-M,3,0.9737,37841,38,explorer
interaction,noIntPen,1000,6-0.25-M,3,1.7390,37900,9,explorer
interaction,noIntPen,1000,6-0.25-M,3,3.0931,38050,60,explorer
interaction,noIntPen,1000,6-0.25-M,3,3.5907,38193,12,explorer
interaction,noIntPen,1000,6-0.25-M,3,8.5393,38450,31,explorer
interaction,noIntPen,1000,6-0.25-M,3,36.7822,38474,59,explorer
interaction,noIntPen,1000,6-0.25-M,3,61.7171,38491,67,explorer
interaction,noIntPen,1000,6-0.25-M,3,68.5879,38504,13,explorer
interaction,noIntPen,1000,6-0.25-M,3,68.6168,38529,13,explorer
interaction,noIntPen,1000,6-0.25-M,3,310.0999,38539,40,explorer
interaction,noIntPen,1000,6-0.25-M,3,349.4357,38622,45,explorer
interaction,noIntPen,1000,6-0.25-M,3,546.0740,38671,33,explorer
interaction,noIntPen,1000,5-0.5-P,1,0.4120,266222,22,explorer
interaction,noIntPen,1000,5-0.5-P,1,0.4748,267629,22,explorer
interaction,noIntPen,1000,5-0.5-P,1,0.5048,267750,22,explorer
interaction,noIntPen,1000,5-0.5-P,1,0.5346,268033,51,explorer
interaction,noIntPen,1000,5-0.5-P,1,0.5646,268616,48,explorer
interaction,noIntPen,1000,5-0.5-P,1,0.5947,268818,48,explorer
interaction,noIntPen,1000,5-0.5-P,1,0.6541,269084,79,explorer
interaction,noIntPen,1000,5-0.5-P,1,0.6844,269321,1,explorer
interaction,noIntPen,1000,5-0.5-P,1,0.7126,269465,22,explorer
interaction,noIntPen,1000,5-0.5-P,1,0.7721,269516,1,explorer
interaction,noIntPen,1000,5-0.5-P,1,0.8585,269725,79,explorer
interaction,noIntPen,1000,5-0.5-P,1,0.8881,269902,23,explorer
interaction,noIntPen,1000,5-0.5-P,1,0.9176,270225,23,explorer
interaction,noIntPen,1000,5-0.5-P,1,1.0059,270385,77,explorer
interaction,noIntPen,1000,5-0.5-P,1,1.4761,270563,78,explorer
interaction,noIntPen,1000,5-0.5-P,1,1.5057,270630,78,explorer
interaction,noIntPen,1000,5-0.5-P,1,1.5354,271219,78,explorer
interaction,noIntPen,1000,5-0.5-P,1,2.3855,271509,28,explorer
interaction,noIntPen,1000,5-0.5-P,1,4.4613,271534,5,explorer
interaction,noIntPen,1000,5-0.5-P,1,8.4662,271621,41,explorer
interaction,noIntPen,1000,5-0.5-P,1,11.4627,271761,70,explorer
interaction,noIntPen,1000,5-0.5-P,1,11.7563,271808,53,explorer
interaction,noIntPen,1000,5-0.5-P,1,11.7868,272196,53,explorer
interaction,noIntPen,1000,5-0.5-P,1,447.4826,272213,37,explorer
interaction,noIntPen,1000,5-0.5-P,1,569.7834,272307,10,explorer
interaction,noIntPen,1000,5-0.5-P,1,569.8122,272348,10,explorer
interaction,noIntPen,1000,5-0.5-P,2,0.3746,263976,58,explorer
interaction,noIntPen,1000,5-0.5-P,2,0.4464,266306,58,explorer
interaction,noIntPen,1000,5-0.5-P,2,0.4764,267123,5,explorer
interaction,noIntPen,1000,5-0.5-P,2,0.5061,267681,58,explorer
interaction,noIntPen,1000,5-0.5-P,2,0.5359,268364,56,explorer
interaction,noIntPen,1000,5-0.5-P,2,0.5949,268739,15,explorer
interaction,noIntPen,1000,5-0.5-P,2,0.6247,268760,65,explorer
interaction,noIntPen,1000,5-0.5-P,2,0.6545,269132,65,explorer
interaction,noIntPen,1000,5-0.5-P,2,0.6838,269365,45,explorer
interaction,noIntPen,1000,5-0.5-P,2,0.7415,269827,27,explorer
interaction,noIntPen,1000,5-0.5-P,2,0.8009,269926,62,explorer
interaction,noIntPen,1000,5-0.5-P,2,0.8297,270031,62,explorer
interaction,noIntPen,1000,5-0.5-P,2,1.0664,270237,36,explorer
interaction,noIntPen,1000,5-0.5-P,2,1.0962,270314,36,explorer
interaction,noIntPen,1000,5-0.5-P,2,1.1262,270343,10,explorer
interaction,noIntPen,1000,5-0.5-P,2,1.1563,270530,62,explorer
interaction,noIntPen,1000,5-0.5-P,2,1.3635,270548,26,explorer
interaction,noIntPen,1000,5-0.5-P,2,1.4514,270625,31,explorer
interaction,noIntPen,1000,5-0.5-P,2,1.4810,270703,31,explorer
interaction,noIntPen,1000,5-0.5-P,2,1.8343,270730,62,explorer
interaction,noIntPen,1000,5-0.5-P,2,1.8643,270853,62,explorer
interaction,noIntPen,1000,5-0.5-P,2,2.2774,270934,42,explorer
interaction,noIntPen,1000,5-0.5-P,2,2.8387,271215,72,explorer
interaction,noIntPen,1000,5-0.5-P,2,2.9245,271221,23,explorer
interaction,noIntPen,1000,5-0.5-P,2,2.9548,271247,23,explorer
interaction,noIntPen,1000,5-0.5-P,2,4.3002,271319,7,explorer
interaction,noIntPen,1000,5-0.5-P,2,4.3299,271418,7,explorer
interaction,noIntPen,1000,5-0.5-P,2,6.4335,271507,50,explorer
interaction,noIntPen,1000,5-0.5-P,2,8.1117,271829,39,explorer
interaction,noIntPen,1000,5-0.5-P,2,8.1412,271888,39,explorer
interaction,noIntPen,1000,5-0.5-P,2,10.6867,271921,11,explorer
interaction,noIntPen,1000,5-0.5-P,2,101.9495,271986,82,explorer
interaction,noIntPen,1000,5-0.5-P,2,121.1418,272155,66,explorer
interaction,noIntPen,1000,5-0.5-P,2,413.8504,272279,51,explorer
interaction,noIntPen,1000,5-0.5-P,3,0.4390,265133,3,explorer
interaction,noIntPen,1000,5-0.5-P,3,0.5012,267548,6,explorer
interaction,noIntPen,1000,5-0.5-P,3,0.5315,267635,6,explorer
interaction,noIntPen,1000,5-0.5-P,3,0.5907,268104,22,explorer
interaction,noIntPen,1000,5-0.5-P,3,0.6202,268356,40,explorer
interaction,noIntPen,1000,5-0.5-P,3,0.6502,268630,56,explorer
interaction,noIntPen,1000,5-0.5-P,3,0.7372,268749,5,explorer
interaction,noIntPen,1000,5-0.5-P,3,0.7653,269403,80,explorer
interaction,noIntPen,1000,5-0.5-P,3,0.7962,269698,80,explorer
interaction,noIntPen,1000,5-0.5-P,3,0.8268,269939,80,explorer
interaction,noIntPen,1000,5-0.5-P,3,0.8553,270096,80,explorer
interaction,noIntPen,1000,5-0.5-P,3,0.9148,270128,5,explorer
interaction,noIntPen,1000,5-0.5-P,3,1.1221,270137,80,explorer
interaction,noIntPen,1000,5-0.5-P,3,1.1519,270198,80,explorer
interaction,noIntPen,1000,5-0.5-P,3,1.2400,270363,33,explorer
interaction,noIntPen,1000,5-0.5-P,3,1.3852,270900,54,explorer
interaction,noIntPen,1000,5-0.5-P,3,1.4149,271056,54,explorer
interaction,noIntPen,1000,5-0.5-P,3,2.3220,271228,33,explorer
interaction,noIntPen,1000,5-0.5-P,3,2.3516,271402,33,explorer
interaction,noIntPen,1000,5-0.5-P,3,2.3814,271841,33,explorer
interaction,noIntPen,1000,5-0.5-P,3,21.7861,272049,46,explorer
interaction,noIntPen,1000,5-0.5-P,3,169.2396,272259,22,explorer
interaction,noIntPen,1000,5-0.5-P,3,184.3049,272265,58,explorer
interaction,noIntPen,1000,5-0.5-P,3,373.0483,272292,24,explorer
interaction,noIntPen,1000,2-0.5-M,1,0.3844,48415,20,explorer
interaction,noIntPen,1000,2-0.5-M,1,0.4535,50991,74,explorer
interaction,noIntPen,1000,2-0.5-M,1,0.4829,51548,20,explorer
interaction,noIntPen,1000,2-0.5-M,1,0.5122,52009,74,explorer
interaction,noIntPen,1000,2-0.5-M,1,0.5416,52478,74,explorer
interaction,noIntPen,1000,2-0.5-M,1,0.5713,52736,63,explorer
interaction,noIntPen,1000,2-0.5-M,1,0.6010,52999,42,explorer
interaction,noIntPen,1000,2-0.5-M,1,0.6303,53152,55,explorer
interaction,noIntPen,1000,2-0.5-M,1,0.6598,53247,63,explorer
interaction,noIntPen,1000,2-0.5-M,1,0.6893,54000,55,explorer
interaction,noIntPen,1000,2-0.5-M,1,0.7187,54287,55,explorer
interaction,noIntPen,1000,2-0.5-M,1,0.8968,54368,48,explorer
interaction,noIntPen,1000,2-0.5-M,1,0.9267,54505,48,explorer
interaction,noIntPen,1000,2-0.5-M,1,0.9564,54602,34,explorer
interaction,noIntPen,1000,2-0.5-M,1,1.0752,54732,79,explorer
interaction,noIntPen,1000,2-0.5-M,1,1.3087,54831,75,explorer
interaction,noIntPen,1000,2-0.5-M,1,1.5154,54849,9,explorer
interaction,noIntPen,1000,2-0.5-M,1,1.8989,55115,6,explorer
interaction,noIntPen,1000,2-0.5-M,1,3.5043,55890,82,explorer
interaction,noIntPen,1000,2-0.5-M,1,3.5329,55904,82,explorer
interaction,noIntPen,1000,2-0.5-M,1,7.7115,55951,12,explorer
interaction,noIntPen,1000,2-0.5-M,1,7.7417,56031,12,explorer
interaction,noIntPen,1000,2-0.5-M,1,19.7701,56279,80,explorer
interaction,noIntPen,1000,2-0.5-M,1,385.1600,56335,71,explorer
interaction,noIntPen,1000,2-0.5-M,1,516.1804,56481,30,explorer
interaction,noIntPen,1000,2-0.5-M,2,0.4301,51095,36,explorer
interaction,noIntPen,1000,2-0.5-M,2,0.4988,52698,36,explorer
interaction,noIntPen,1000,2-0.5-M,2,0.5278,52926,36,explorer
interaction,noIntPen,1000,2-0.5-M,2,0.6132,53309,11,explorer
interaction,noIntPen,1000,2-0.5-M,2,0.6434,53460,74,explorer
interaction,noIntPen,1000,2-0.5-M,2,0.6736,53963,74,explorer
interaction,noIntPen,1000,2-0.5-M,2,0.7640,54100,17,explorer
interaction,noIntPen,1000,2-0.5-M,2,0.7929,54176,74,explorer
interaction,noIntPen,1000,2-0.5-M,2,0.8522,54313,11,explorer
interaction,noIntPen,1000,2-0.5-M,2,0.9105,54630,11,explorer
interaction,noIntPen,1000,2-0.5-M,2,0.9401,54701,11,explorer
interaction,noIntPen,1000,2-0.5-M,2,1.7610,54814,17,explorer
interaction,noIntPen,1000,2-0.5-M,2,1.7890,54823,17,explorer
interaction,noIntPen,1000,2-0.5-M,2,1.9948,54904,12,explorer
interaction,noIntPen,1000,2-0.5-M,2,2.0244,55082,26,explorer
interaction,noIntPen,1000,2-0.5-M,2,2.3188,55187,71,explorer
interaction,noIntPen,1000,2-0.5-M,2,2.3485,55394,71,explorer
interaction,noIntPen,1000,2-0.5-M,2,2.3805,55752,71,explorer
interaction,noIntPen,1000,2-0.5-M,2,15.3963,55907,67,explorer
interaction,noIntPen,1000,2-0.5-M,2,52.8377,55928,35,explorer
interaction,noIntPen,1000,2-0.5-M,2,68.1550,56275,16,explorer
interaction,noIntPen,1000,2-0.5-M,2,586.8616,56279,3,explorer
interaction,noIntPen,1000,2-0.5-M,3,0.3098,45820,45,explorer
interaction,noIntPen,1000,2-0.5-M,3,0.3941,49038,45,explorer
interaction,noIntPen,1000,2-0.5-M,3,0.4237,49263,44,explorer
interaction,noIntPen,1000,2-0.5-M,3,0.4524,50314,44,explorer
interaction,noIntPen,1000,2-0.5-M,3,0.4836,50930,75,explorer
interaction,noIntPen,1000,2-0.5-M,3,0.5136,51779,61,explorer
interaction,noIntPen,1000,2-0.5-M,3,0.5436,51895,61,explorer
interaction,noIntPen,1000,2-0.5-M,3,0.5735,52696,61,explorer
interaction,noIntPen,1000,2-0.5-M,3,0.6030,53008,61,explorer
interaction,noIntPen,1000,2-0.5-M,3,0.6323,53454,76,explorer
interaction,noIntPen,1000,2-0.5-M,3,0.6612,53615,76,explorer
interaction,noIntPen,1000,2-0.5-M,3,0.7219,53776,29,explorer
interaction,noIntPen,1000,2-0.5-M,3,0.8394,54389,81,explorer
interaction,noIntPen,1000,2-0.5-M,3,0.8697,55014,81,explorer
interaction,noIntPen,1000,2-0.5-M,3,1.9835,55242,13,explorer
interaction,noIntPen,1000,2-0.5-M,3,2.1004,55274,8,explorer
interaction,noIntPen,1000,2-0.5-M,3,2.2155,55339,8,explorer
interaction,noIntPen,1000,2-0.5-M,3,2.3335,55755,65,explorer
interaction,noIntPen,1000,2-0.5-M,3,2.3635,56158,65,explorer
interaction,noIntPen,1000,2-0.5-M,3,301.8617,56294,58,explorer
interaction,noIntPen,1000,6-0.75-P,1,0.1110,320787,20,explorer
interaction,noIntPen,1000,6-0.75-P,1,0.3030,344684,20,explorer
interaction,noIntPen,1000,6-0.75-P,1,0.3335,345045,20,explorer
interaction,noIntPen,1000,6-0.75-P,1,0.3625,346177,13,explorer
interaction,noIntPen,1000,6-0.75-P,1,0.4213,346332,10,explorer
interaction,noIntPen,1000,6-0.75-P,1,0.4519,346752,10,explorer
interaction,noIntPen,1000,6-0.75-P,1,0.4824,347067,20,explorer
interaction,noIntPen,1000,6-0.75-P,1,0.5702,347075,71,explorer
interaction,noIntPen,1000,6-0.75-P,1,0.6886,347858,5,explorer
interaction,noIntPen,1000,6-0.75-P,1,0.7495,348115,60,explorer
interaction,noIntPen,1000,6-0.75-P,1,0.7798,348252,60,explorer
interaction,noIntPen,1000,6-0.75-P,1,1.0751,348429,27,explorer
interaction,noIntPen,1000,6-0.75-P,1,4.1553,348559,21,explorer
interaction,noIntPen,1000,6-0.75-P,1,5.8751,348623,83,explorer
interaction,noIntPen,1000,6-0.75-P,1,5.9044,348628,49,explorer
interaction,noIntPen,1000,6-0.75-P,1,5.9338,348828,49,explorer
interaction,noIntPen,1000,6-0.75-P,1,7.2677,348834,32,explorer
interaction,noIntPen,1000,6-0.75-P,1,10.2881,348984,83,explorer
interaction,noIntPen,1000,6-0.75-P,1,30.3545,349094,72,explorer
interaction,noIntPen,1000,6-0.75-P,1,136.9847,349214,75,explorer
interaction,noIntPen,1000,6-0.75-P,1,469.6555,349316,20,explorer
interaction,noIntPen,1000,6-0.75-P,2,0.1015,318731,25,explorer
interaction,noIntPen,1000,6-0.75-P,2,0.3224,344566,35,explorer
interaction,noIntPen,1000,6-0.75-P,2,0.3504,345260,30,explorer
interaction,noIntPen,1000,6-0.75-P,2,0.3809,345446,11,explorer
interaction,noIntPen,1000,6-0.75-P,2,0.4104,345859,2,explorer
interaction,noIntPen,1000,6-0.75-P,2,0.4399,346614,10,explorer
interaction,noIntPen,1000,6-0.75-P,2,0.4688,347092,10,explorer
interaction,noIntPen,1000,6-0.75-P,2,0.5289,347486,6,explorer
interaction,noIntPen,1000,6-0.75-P,2,0.7071,347652,67,explorer
interaction,noIntPen,1000,6-0.75-P,2,0.7969,347847,81,explorer
interaction,noIntPen,1000,6-0.75-P,2,0.8279,347925,81,explorer
interaction,noIntPen,1000,6-0.75-P,2,0.8874,347996,21,explorer
interaction,noIntPen,1000,6-0.75-P,2,0.9170,348237,52,explorer
interaction,noIntPen,1000,6-0.75-P,2,0.9466,348434,52,explorer
interaction,noIntPen,1000,6-0.75-P,2,1.5959,348899,52,explorer
interaction,noIntPen,1000,6-0.75-P,2,1.6257,348925,52,explorer
interaction,noIntPen,1000,6-0.75-P,2,1.9163,348950,77,explorer
interaction,noIntPen,1000,6-0.75-P,2,11.4998,348966,43,explorer
interaction,noIntPen,1000,6-0.75-P,2,11.5288,349115,43,explorer
interaction,noIntPen,1000,6-0.75-P,2,18.7158,349544,3,explorer
interaction,noIntPen,1000,6-0.75-P,3,0.5857,347642,60,explorer
interaction,noIntPen,1000,6-0.75-P,3,0.6164,348228,60,explorer
interaction,noIntPen,1000,6-0.75-P,3,0.6752,348949,60,explorer
interaction,noIntPen,1000,6-0.75-P,3,15.2516,348980,31,explorer
interaction,noIntPen,1000,6-0.75-P,3,15.2826,349149,31,explorer
interaction,noIntPen,1000,6-0.75-P,3,17.5044,349206,61,explorer
interaction,noIntPen,1000,6-0.75-P,3,185.1360,349351,40,explorer
interaction,noIntPen,1000,3-0.75-M,1,0.1084,10235,38,explorer
interaction,noIntPen,1000,3-0.75-M,1,0.3044,32438,40,explorer
interaction,noIntPen,1000,3-0.75-M,1,0.3341,33408,31,explorer
interaction,noIntPen,1000,3-0.75-M,1,0.3645,33641,31,explorer
interaction,noIntPen,1000,3-0.75-M,1,0.3939,34146,2,explorer
interaction,noIntPen,1000,3-0.75-M,1,0.4224,34659,62,explorer
interaction,noIntPen,1000,3-0.75-M,1,0.4512,34700,79,explorer
interaction,noIntPen,1000,3-0.75-M,1,0.4813,34815,28,explorer
interaction,noIntPen,1000,3-0.75-M,1,0.5111,34862,83,explorer
interaction,noIntPen,1000,3-0.75-M,1,0.5410,35062,2,explorer
interaction,noIntPen,1000,3-0.75-M,1,0.5710,35233,23,explorer
interaction,noIntPen,1000,3-0.75-M,1,0.6016,35456,23,explorer
interaction,noIntPen,1000,3-0.75-M,1,0.6313,35568,23,explorer
interaction,noIntPen,1000,3-0.75-M,1,0.6608,35791,23,explorer
interaction,noIntPen,1000,3-0.75-M,1,0.7192,36036,23,explorer
interaction,noIntPen,1000,3-0.75-M,1,2.9940,36068,71,explorer
interaction,noIntPen,1000,3-0.75-M,1,3.4066,36127,52,explorer
interaction,noIntPen,1000,3-0.75-M,1,8.2770,36177,79,explorer
interaction,noIntPen,1000,3-0.75-M,1,34.5873,36378,15,explorer
interaction,noIntPen,1000,3-0.75-M,1,77.5585,36581,14,explorer
interaction,noIntPen,1000,3-0.75-M,1,216.2696,36641,57,explorer
interaction,noIntPen,1000,3-0.75-M,1,363.9641,36873,60,explorer
interaction,noIntPen,1000,3-0.75-M,2,0.1082,10434,72,explorer
interaction,noIntPen,1000,3-0.75-M,2,0.3002,32129,33,explorer
interaction,noIntPen,1000,3-0.75-M,2,0.3306,33723,33,explorer
interaction,noIntPen,1000,3-0.75-M,2,0.3904,34645,65,explorer
interaction,noIntPen,1000,3-0.75-M,2,0.4195,34926,65,explorer
interaction,noIntPen,1000,3-0.75-M,2,0.5383,35224,60,explorer
interaction,noIntPen,1000,3-0.75-M,2,0.5685,35707,28,explorer
interaction,noIntPen,1000,3-0.75-M,2,0.5981,35849,28,explorer
interaction,noIntPen,1000,3-0.75-M,2,1.1030,36158,62,explorer
interaction,noIntPen,1000,3-0.75-M,2,3.7039,36239,73,explorer
interaction,noIntPen,1000,3-0.75-M,2,15.0597,36243,53,explorer
interaction,noIntPen,1000,3-0.75-M,2,20.4660,36300,21,explorer
interaction,noIntPen,1000,3-0.75-M,2,37.6765,36347,11,explorer
interaction,noIntPen,1000,3-0.75-M,2,85.0023,36371,1,explorer
interaction,noIntPen,1000,3-0.75-M,2,94.1323,36439,66,explorer
interaction,noIntPen,1000,3-0.75-M,2,109.7874,36560,1,explorer
interaction,noIntPen,1000,3-0.75-M,2,133.6133,36624,0,explorer
interaction,noIntPen,1000,3-0.75-M,2,395.1411,36629,78,explorer
interaction,noIntPen,1000,3-0.75-M,3,0.6749,35707,31,explorer
interaction,noIntPen,1000,3-0.75-M,3,0.9996,35838,66,explorer
interaction,noIntPen,1000,3-0.75-M,3,1.0293,35887,66,explorer
interaction,noIntPen,1000,3-0.75-M,3,1.3249,36278,51,explorer
interaction,noIntPen,1000,3-0.75-M,3,5.1909,36296,78,explorer
interaction,noIntPen,1000,3-0.75-M,3,11.7563,36439,65,explorer
interaction,noIntPen,1000,3-0.75-M,3,31.3773,36480,48,explorer
interaction,noIntPen,1000,3-0.75-M,3,47.6721,36536,78,explorer
interaction,noIntPen,1000,3-0.75-M,3,185.4007,36755,80,explorer
