group,instance,runs,best,mean,sd,runs_at_best,mean_time_to_best_s,published_best,best_minus_published,new_best,development,witness_seed
100,0-2-1,10,11312,11312.0000,0.0000,10,0.331,11312,0,0,1,1
100,0-2-2,10,10316,10316.0000,0.0000,10,2.131,9945,371,1,0,1
100,0-2-3,10,11195,11195.0000,0.0000,10,0.299,11195,0,0,0,1
100,0-2-4,10,11324,11324.0000,0.0000,10,2.666,11324,0,0,0,1
100,0-2-5,10,10113,10113.0000,0.0000,10,5.452,9710,403,1,0,1
100,0-2-6,10,23296,23296.0000,0.0000,10,0.449,23296,0,0,0,1
100,0-2-7,10,22442,22442.0000,0.0000,10,0.974,22442,0,0,0,1
100,0-2-8,10,23452,23452.0000,0.0000,10,10.280,23452,0,0,0,1
100,0-2-9,10,22756,22756.0000,0.0000,10,1.064,22756,0,0,0,1
100,0-2-10,10,24498,24498.0000,0.0000,10,7.267,24371,127,1,0,1
100,0-2-11,10,33472,33472.0000,0.0000,10,0.136,33472,0,0,0,1
100,0-2-12,10,32670,32670.0000,0.0000,10,0.201,32670,0,0,0,1
100,0-2-13,10,32942,32942.0000,0.0000,10,0.040,32942,0,0,0,1
100,0-2-14,10,35106,35106.0000,0.0000,10,0.053,35106,0,0,0,1
100,0-2-15,10,30930,30930.0000,0.0000,10,1.361,30930,0,0,0,1
100,1-5-1,10,5378,5378.0000,0.0000,10,15.634,5378,0,0,0,1
100,1-5-2,10,4390,4390.0000,0.0000,10,0.053,4390,0,0,0,1
100,1-5-3,10,4227,4227.0000,0.0000,10,0.037,4227,0,0,0,1
100,1-5-4,10,4706,4706.0000,0.0000,10,0.151,4706,0,0,1,1
100,1-5-5,10,2597,2597.0000,0.0000,10,0.073,2597,0,0,0,1
100,1-5-6,10,10808,10808.0000,0.0000,10,2.318,10808,0,0,0,1
100,1-5-7,10,9931,9931.0000,0.0000,10,14.572,9931,0,0,0,1
100,1-5-8,10,10882,10882.0000,0.0000,10,0.416,10882,0,0,0,1
100,1-5-9,10,10595,10595.0000,0.0000,10,0.557,10595,0,0,0,1
100,1-5-10,10,10297,10297.0000,0.0000,10,0.572,10297,0,0,0,1
100,1-5-11,10,11029,11029.0000,0.0000,10,0.128,11029,0,0,0,1
100,1-5-12,10,11884,11884.0000,0.0000,10,4.374,11884,0,0,0,1
100,1-5-13,10,10751,10751.0000,0.0000,10,0.047,10751,0,0,0,1
100,1-5-14,10,11567,11567.0000,0.0000,10,0.089,11567,0,0,0,1
100,1-5-15,10,10671,10671.0000,0.0000,10,2.130,10671,0,0,0,1
500,1-0.25-P,10,85588,85466.3000,81.7900,1,407.265,85451,137,1,0,8
500,2-0.25-P,10,82538,82432.4000,72.0031,1,354.302,82366,172,1,0,10
500,3-0.25-P,10,77578,77512.2000,38.2643,1,393.227,77450,128,1,1,10
500,4-0.25-P,10,82651,82567.7000,44.0410,1,333.685,82477,174,1,0,4
500,5-0.25-P,10,83939,83776.0000,96.4572,1,367.005,83720,219,1,0,7
500,6-0.5-P,10,146011,145921.7000,58.2787,1,382.296,146154,-143,0,0,3
500,7-0.5-P,10,152424,152296.2000,52.3847,1,370.144,152320,104,1,0,6
500,8-0.5-P,10,157869,157776.0000,72.5148,1,316.330,157817,52,1,1,8
500,9-0.5-P,10,154091,153986.1000,69.3087,1,372.952,154078,13,1,0,1
500,10-0.5-P,10,142468,142296.4000,119.4882,1,444.317,142237,231,1,1,9
500,11-0.75-P,10,185333,185191.2000,67.9821,1,374.132,185250,83,1,0,7
500,12-0.75-P,10,194693,194618.6000,37.6037,1,388.369,194614,79,1,1,2
500,13-0.75-P,10,208372,208309.6000,44.0482,1,338.379,208425,-53,0,0,8
500,14-0.75-P,10,215915,215865.4000,37.8608,1,383.506,215944,-29,0,0,6
500,15-0.75-P,10,194361,194289.1000,47.7587,1,372.516,194310,51,1,0,5
500,1-0.25-M,10,51924,51853.8000,40.6640,1,246.675,51666,258,1,0,5
500,2-0.25-M,10,50478,50334.3000,60.9492,1,407.423,50172,306,1,1,9
500,3-0.25-M,10,51389,51310.9000,58.6420,1,325.522,51226,163,1,0,8
500,4-0.25-M,10,51875,51780.5000,78.2448,1,274.378,51712,163,1,0,7
500,5-0.25-M,10,52285,52206.9000,39.8559,1,427.173,52224,61,1,0,6
500,6-0.5-M,10,84281,84130.6000,92.1490,2,415.833,84072,209,1,0,1
500,7-0.5-M,10,83068,82965.8000,71.4392,1,365.101,82895,173,1,0,3
500,8-0.5-M,10,82835,82779.6000,43.0098,1,329.365,82763,72,1,1,3
500,9-0.5-M,10,82976,82838.8000,76.4510,1,406.568,82831,145,1,0,6
500,10-0.5-M,10,83026,82890.7000,50.9216,1,362.852,82958,68,1,0,1
500,11-0.75-M,10,88885,88855.0000,35.1084,1,283.022,88887,-2,0,0,4
500,12-0.75-M,10,87394,87300.8000,65.6107,1,327.158,87308,86,1,0,2
500,13-0.75-M,10,87300,87241.9000,33.0891,1,271.329,87315,-15,0,1,3
500,14-0.75-M,10,87671,87634.5000,22.0148,1,370.616,87610,61,1,0,1
500,15-0.75-M,10,88002,87951.8000,37.4561,1,256.900,87958,44,1,0,6
1000,1-0.25-P,10,161955,161769.8000,147.3939,1,449.786,161987,-32,0,1,3
1000,2-0.25-P,10,135728,135608.4000,74.7050,1,394.458,135627,101,1,1,5
1000,3-0.25-P,10,149587,149329.0000,176.4987,1,522.374,149646,-59,0,0,10
1000,4-0.25-P,10,137824,137434.4000,200.7203,1,522.398,137574,250,1,0,1
1000,5-0.25-P,10,145224,144997.8000,153.4085,1,466.227,144981,243,1,0,1
1000,6-0.25-P,10,147733,147574.0000,132.9534,2,502.326,147610,123,1,0,7
1000,7-0.25-P,10,149514,149341.7000,129.6272,1,512.796,149407,107,1,0,3
1000,8-0.25-P,10,151015,150802.8000,153.0162,1,527.422,150921,94,1,0,7
1000,9-0.25-P,10,138546,138394.3000,65.9485,1,472.752,138411,135,1,0,10
1000,10-0.25-P,10,150767,150633.6000,104.5593,1,464.331,150652,115,1,0,4
1000,1-0.25-M,10,37474,37431.1000,44.5162,1,473.139,37219,255,1,0,6
1000,2-0.25-M,10,38237,37982.9000,93.0155,1,434.546,37771,466,1,0,1
1000,3-0.25-M,10,38724,38565.0000,81.8193,1,387.236,38434,290,1,0,9
1000,4-0.25-M,10,38131,37948.3000,107.1000,1,440.761,37662,469,1,0,10
1000,5-0.25-M,10,35619,35464.5000,84.3069,1,420.090,35122,497,1,1,2
1000,6-0.25-M,10,40944,40707.8000,145.2052,1,519.296,40559,385,1,0,3
1000,7-0.25-M,10,39417,39214.8000,103.5121,1,481.494,39079,338,1,0,2
1000,8-0.25-M,10,41688,41553.5000,100.1871,1,445.775,41541,147,1,0,4
1000,9-0.25-M,10,37801,37579.1000,115.5859,1,416.063,37304,497,1,0,7
1000,10-0.25-M,10,41229,41096.8000,85.2734,1,470.005,40709,520,1,0,5
1000,1-0.5-P,10,271452,271249.8000,138.2612,1,477.141,271436,16,1,0,4
1000,2-0.5-P,10,277326,277072.0000,118.1296,1,501.353,277203,123,1,0,2
1000,3-0.5-P,10,274575,274465.0000,72.4376,1,497.216,274631,-56,0,0,2
1000,4-0.5-P,10,263648,263510.3000,83.6780,1,464.508,263512,136,1,0,7
1000,5-0.5-P,10,274002,273846.6000,111.1901,1,416.724,273797,205,1,0,8
1000,6-0.5-P,10,263503,263319.3000,120.2223,1,444.131,263449,54,1,0,5
1000,7-0.5-P,10,266654,266540.5000,78.3125,1,437.993,266706,-52,0,0,10
1000,8-0.5-P,10,250175,249944.9000,125.7080,1,425.523,250148,27,1,0,10
1000,9-0.5-P,10,267971,267668.8000,155.4142,1,419.659,268134,-163,0,0,6
1000,10-0.5-P,10,262768,262390.8000,201.9435,1,432.666,262480,288,1,0,6
1000,1-0.5-M,10,51492,51348.7000,92.1998,1,459.051,51390,102,1,0,5
1000,2-0.5-M,10,58196,58014.1000,118.1816,1,520.096,57839,357,1,0,5
1000,3-0.5-M,10,49461,49202.0000,126.7052,1,436.019,49344,117,1,0,7
1000,4-0.5-M,10,51635,51511.6000,69.3314,1,404.230,51463,172,1,1,6
1000,5-0.5-M,10,51706,51489.8000,132.5404,1,467.304,51449,257,1,0,3
1000,6-0.5-M,10,53355,53226.8000,83.4036,1,474.693,53082,273,1,0,7
1000,7-0.5-M,10,49886,49649.9000,119.9412,1,386.499,49674,212,1,1,10
1000,8-0.5-M,10,50406,50286.7000,90.3383,1,445.856,50321,85,1,0,8
1000,9-0.5-M,10,55653,55479.2000,83.1815,1,491.749,55426,227,1,0,1
1000,10-0.5-M,10,60828,60663.8000,116.8211,1,492.015,60547,281,1,0,7
1000,1-0.75-P,10,381935,381829.7000,81.9952,1,467.261,382190,-255,0,0,2
1000,2-0.75-P,10,342194,342013.5000,86.1409,1,475.515,342351,-157,0,0,3
1000,3-0.75-P,10,364835,364734.2000,86.7569,1,440.487,364863,-28,0,1,3
1000,4-0.75-P,10,365382,365109.0000,149.2830,1,488.971,365404,-22,0,0,2
1000,5-0.75-P,10,336506,336373.4000,75.9660,1,424.182,336536,-30,0,0,4
1000,6-0.75-P,10,351007,350887.9000,99.1529,1,444.266,351042,-35,0,0,2
1000,7-0.75-P,10,335135,334985.2000,86.4902,1,454.258,335158,-23,0,0,4
1000,8-0.75-P,10,340427,340260.2000,90.8865,1,401.974,340459,-32,0,0,7
1000,9-0.75-P,10,339251,339137.5000,64.9157,1,496.109,339145,106,1,0,1
1000,10-0.75-P,10,360579,360446.3000,116.7588,1,487.326,360805,-226,0,0,3
1000,1-0.75-M,10,41255,40979.2000,108.2283,1,474.652,40834,421,1,0,1
1000,2-0.75-M,10,37215,36985.8000,101.5793,1,314.215,36809,406,1,0,9
1000,3-0.75-M,10,38209,38083.9000,79.7238,1,477.865,38106,103,1,0,3
1000,4-0.75-M,10,44690,44521.9000,109.9158,1,431.879,44514,176,1,0,9
1000,5-0.75-M,10,44143,43968.4000,98.2947,1,440.379,44098,45,1,0,9
1000,6-0.75-M,10,41452,41278.4000,95.2934,1,462.410,41242,210,1,0,10
1000,7-0.75-M,10,42399,42210.4000,110.3233,1,484.376,42070,329,1,0,3
1000,8-0.75-M,10,42259,42169.8000,70.4554,1,427.596,42342,-83,0,0,10
1000,9-0.75-M,10,32298,32155.7000,91.6079,1,464.681,32031,267,1,1,1
1000,10-0.75-M,10,41111,40946.1000,84.4328,1,461.274,41019,92,1,0,1
