experiment,variant,group,instance,seed,profit,cardinality,items
interaction,core,1000,4-0.25-P,1,137345,251,0 2 5 8 12 15 22 25 27 29 35 44 48 51 53 58 63 65 68 70 71 75 82 83 91 97 100 102 105 110 113 126 148 150 156 159 160 162 173 178 180 191 192 194 196 200 201 208 210 212 213 215 218 223 225 229 234 235 237 238 239 241 244 262 267 269 271 278 279 285 286 288 301 302 303 306 307 309 320 326 329 330 332 334 341 342 351 353 354 361 372 377 379 381 383 387 389 390 392 393 396 398 400 402 404 409 410 411 412 416 423 424 426 429 430 434 436 452 459 460 461 462 464 470 472 486 496 497 499 500 501 509 513 515 519 520 523 526 527 529 535 544 549 550 554 555 556 557 559 561 564 566 572 577 578 581 586 592 593 595 600 606 610 616 620 623 633 646 650 652 654 658 661 662 666 667 668 677 678 682 689 691 696 697 699 704 709 716 719 720 721 722 724 727 735 740 745 748 752 760 776 787 791 793 814 818 827 828 831 833 835 836 839 840 849 862 867 873 874 882 884 888 891 894 897 902 904 910 915 918 920 924 929 931 936 937 940 946 948 950 952 954 955 963 964 972 980 984 990 992 994
interaction,core,1000,4-0.25-P,2,137367,251,0 2 5 8 12 15 18 22 27 29 35 44 45 48 51 63 65 68 70 71 75 82 84 91 94 95 97 100 102 110 113 126 148 150 154 156 160 162 178 180 185 190 191 192 194 196 200 201 208 210 213 215 224 225 227 229 235 237 238 239 241 244 252 262 267 269 271 278 279 285 286 288 298 303 305 306 307 309 320 326 329 330 332 334 341 342 351 353 354 361 367 371 372 377 379 381 383 387 389 390 392 393 396 398 400 402 404 409 411 412 416 423 424 426 429 430 433 434 436 452 459 460 461 462 464 472 485 495 496 497 500 501 509 513 515 519 520 523 526 527 529 535 542 544 549 550 555 556 557 559 564 566 572 573 575 577 581 582 586 591 592 593 595 600 610 616 620 623 624 633 646 650 651 652 654 661 662 666 667 668 677 678 682 683 689 693 696 697 699 704 712 716 720 721 722 724 730 735 740 745 747 748 755 760 769 776 785 787 793 807 816 818 828 831 833 835 836 839 840 849 852 862 869 888 891 894 896 897 899 902 910 915 918 920 924 931 933 940 946 948 950 952 954 963 964 972 980 984 989 990 992
interaction,core,1000,4-0.25-P,3,137413,251,0 2 5 15 22 25 27 35 44 45 48 51 58 63 65 68 70 71 75 91 97 100 102 105 110 113 126 148 154 156 160 178 180 191 192 194 200 208 210 212 213 215 223 224 225 229 232 234 235 237 238 239 241 244 262 267 269 271 278 279 280 285 286 288 298 302 303 305 306 307 309 320 326 329 330 332 334 335 340 341 342 353 354 361 367 371 372 377 379 381 383 387 389 390 392 393 396 400 402 404 409 411 416 417 423 424 426 429 430 433 434 436 452 459 461 462 464 470 472 496 497 499 500 501 505 509 513 515 519 520 523 526 527 529 535 542 544 549 550 555 556 557 559 561 564 566 572 577 578 581 582 586 591 592 593 595 600 606 609 610 616 620 623 633 646 652 654 658 661 662 663 666 667 668 677 678 679 682 683 689 693 696 697 699 704 712 716 721 722 724 728 735 740 745 747 748 752 755 767 769 776 785 787 796 818 827 828 831 833 835 836 839 840 843 849 852 862 873 874 882 891 894 897 902 904 915 918 920 924 929 931 933 937 940 941 946 948 950 952 954 955 963 964 972 980 981 984 990 992 994 996
interaction,core,1000,6-0.25-M,1,40687,251,3 5 12 17 25 29 32 40 41 43 50 59 63 66 69 74 80 89 92 95 99 100 103 107 109 111 118 119 121 125 126 135 138 139 140 145 146 147 155 163 184 190 193 195 202 204 216 218 219 227 232 237 238 241 245 250 259 268 275 278 280 294 297 300 311 312 315 322 333 334 337 338 342 351 353 357 359 361 364 365 366 367 368 380 384 386 387 388 390 395 401 405 407 409 414 415 421 423 425 428 430 431 433 444 445 448 452 455 466 468 472 474 478 481 482 483 489 491 492 493 500 502 507 511 519 523 527 530 531 538 544 547 549 557 558 564 567 572 573 576 578 581 591 592 594 595 602 603 612 615 619 630 633 639 640 652 655 661 662 663 664 665 666 672 673 674 680 684 687 689 695 697 698 699 701 710 711 714 734 747 754 758 763 765 766 768 772 773 774 778 782 783 786 789 790 794 796 801 812 813 815 817 821 823 827 828 833 835 839 840 848 856 859 860 862 864 865 867 879 884 888 891 896 898 901 911 913 914 917 922 930 938 940 942 944 948 953 954 956 960 961 972 973 977 983 986 989 991 992 996 998
interaction,core,1000,6-0.25-M,2,40669,251,3 5 11 12 14 17 18 23 25 29 32 40 41 43 50 54 59 63 67 69 70 74 80 89 92 95 97 99 100 103 107 111 117 121 125 126 138 139 146 147 155 161 184 193 195 204 218 219 222 227 229 232 238 241 245 248 250 259 268 275 278 280 287 294 300 308 309 310 311 315 316 322 323 329 334 337 338 342 351 353 354 357 359 361 363 364 365 366 367 368 380 381 383 384 386 387 388 390 391 395 401 405 407 409 414 421 423 425 428 431 433 438 444 447 450 452 453 455 468 472 478 481 482 483 486 489 491 492 500 502 511 519 523 530 531 538 544 547 549 557 558 564 567 572 578 580 581 591 592 594 595 602 603 612 615 616 619 629 630 639 643 652 655 661 662 663 666 667 672 674 680 684 687 695 697 698 701 703 711 714 734 747 754 756 763 765 768 772 773 774 778 782 783 786 790 794 796 801 803 812 813 815 817 821 827 839 840 848 851 856 859 860 862 864 865 867 878 879 883 884 887 888 889 891 896 898 911 913 914 917 922 930 938 940 942 948 953 956 960 961 962 972 973 977 983 986 989 991 992 996 998
interaction,core,1000,6-0.25-M,3,40757,251,5 12 14 17 18 23 25 26 29 32 44 50 54 63 67 69 74 80 92 95 99 100 103 107 109 111 118 121 125 126 129 138 139 140 145 146 147 155 161 184 190 193 195 196 202 204 218 219 225 227 229 231 232 237 238 245 259 263 265 268 275 280 300 309 310 311 315 316 322 329 333 334 337 338 342 351 353 354 357 359 361 363 364 365 366 368 371 380 381 383 384 386 387 388 390 391 395 401 405 407 408 409 414 421 423 425 428 430 431 433 438 444 450 452 453 455 464 468 472 478 481 482 483 486 489 491 492 493 502 507 511 519 523 527 530 531 538 544 547 549 557 558 564 567 573 578 581 591 592 594 595 599 602 603 612 616 619 625 630 639 640 653 655 661 663 664 665 666 667 672 673 680 684 689 694 695 698 699 701 703 711 714 716 734 747 754 756 763 765 768 772 773 778 782 783 786 787 790 793 794 796 797 801 803 812 813 815 817 823 827 828 833 835 839 848 851 856 860 862 864 865 867 878 879 884 887 888 889 891 893 896 901 914 917 938 940 944 948 956 960 961 972 973 977 983 984 986 989 991 992 998
interaction,core,1000,5-0.5-P,1,273778,503,2 3 10 11 12 13 14 16 17 20 21 22 24 25 26 29 30 31 32 33 34 38 39 40 47 49 53 54 55 59 60 61 62 64 65 66 67 69 77 78 79 80 81 82 83 85 86 87 91 93 94 96 100 106 107 109 111 114 115 117 122 125 130 131 132 134 136 138 139 140 141 144 146 147 148 155 157 158 160 165 166 169 172 174 175 176 178 182 183 184 185 186 190 192 196 197 199 200 202 205 207 208 209 211 214 215 216 221 222 224 225 226 229 230 233 235 237 238 239 240 241 242 243 245 247 248 250 251 252 253 254 256 257 259 260 261 263 266 268 269 270 272 274 275 276 278 280 282 287 288 289 293 294 296 297 299 300 301 302 304 305 306 310 311 313 314 315 319 325 328 329 332 334 338 341 343 344 345 346 354 360 361 363 365 366 367 368 370 371 373 377 378 379 384 385 386 387 390 391 393 396 397 400 403 408 409 410 412 416 417 422 424 425 426 428 433 438 439 441 443 444 445 446 448 449 450 452 453 454 455 456 457 458 459 461 462 465 466 467 469 473 474 475 478 479 480 483 485 486 487 491 492 494 498 500 502 505 506 512 514 515 516 519 520 521 524 526 532 535 537 538 540 543 544 546 547 549 550 552 553 554 555 557 558 560 562 564 567 570 573 575 577 578 579 583 584 586 587 588 592 593 595 599 600 601 603 606 607 610 612 613 614 615 616 618 619 620 621 625 626 628 630 632 633 641 644 645 646 647 652 653 654 655 656 661 662 664 665 668 669 670 671 672 673 674 675 676 677 679 680 682 683 685 691 692 696 702 703 704 705 707 710 711 712 716 717 718 723 725 729 731 735 736 740 742 743 747 749 751 752 754 755 756 759 761 762 764 767 768 769 770 772 782 783 786 794 800 803 804 805 806 807 808 809 811 813 815 816 817 822 823 826 828 831 834 837 840 844 846 847 848 850 852 853 854 857 858 860 861 865 866 868 869 870 872 874 876 878 879 880 881 882 884 885 887 888 890 892 896 899 901 902 903 904 905 907 908 911 912 914 915 917 918 920 921 922 923 926 928 931 932 935 937 939 941 946 949 952 953 955 956 957 959 966 967 968 969 971 974 976 978 980 981 982 983 984 985 988 990 992 994 998 999
interaction,core,1000,5-0.5-P,2,273693,502,2 3 6 10 11 12 13 14 15 16 17 20 21 22 24 25 26 29 30 31 32 33 34 39 40 41 47 49 53 54 55 59 60 61 62 64 65 66 67 68 69 71 77 78 79 80 81 82 83 85 86 87 91 93 94 96 100 102 103 106 107 109 114 115 117 119 121 122 125 130 131 132 134 136 138 139 140 141 142 146 147 148 153 155 157 158 160 165 166 168 169 172 174 175 176 177 178 179 183 184 186 190 191 192 196 197 199 200 202 205 207 208 209 211 214 215 216 221 222 224 225 229 230 233 237 238 239 240 241 242 243 245 247 248 250 251 252 253 254 256 257 259 260 261 263 266 268 269 270 272 274 275 276 278 280 282 287 289 293 294 296 297 299 300 302 304 305 306 310 311 313 315 319 325 328 329 332 334 335 338 341 343 344 345 354 360 361 363 365 366 367 368 370 371 373 377 384 385 386 387 390 391 396 400 403 407 408 409 412 421 422 424 425 426 428 433 438 439 442 443 444 445 446 448 450 452 453 454 455 456 457 458 459 460 461 465 466 467 469 472 473 475 478 479 480 482 483 485 486 487 491 492 496 498 500 502 505 506 514 515 516 520 521 524 526 530 532 533 534 535 537 538 540 543 544 545 546 547 549 550 552 553 554 555 558 560 562 564 570 573 574 575 577 578 579 583 586 587 588 591 592 593 595 599 600 601 602 603 607 612 613 614 615 616 618 619 620 621 626 628 630 632 633 641 644 645 646 647 652 653 654 655 656 658 661 662 664 665 668 669 670 671 672 673 674 675 676 679 680 682 683 691 692 693 696 697 698 702 703 704 705 707 711 712 716 717 718 723 725 729 731 736 738 740 742 743 747 749 751 752 755 756 759 762 764 767 768 769 770 772 781 782 783 786 794 796 800 803 804 805 806 807 808 811 813 815 816 817 822 823 826 828 831 834 835 840 841 844 846 847 848 850 852 853 854 858 860 862 865 866 868 869 870 871 872 874 876 878 879 880 881 882 884 887 888 890 892 897 899 901 902 903 904 905 907 908 911 912 914 915 917 918 920 921 922 923 926 928 931 932 934 935 937 939 941 946 949 950 952 953 955 957 959 966 967 968 969 971 974 976 978 980 981 982 983 984 985 988 992 994 995 999
interaction,core,1000,5-0.5-P,3,273625,502,2 3 6 10 11 12 13 14 16 17 20 21 22 24 25 26 29 30 31 32 33 34 39 40 41 45 47 49 53 54 55 59 60 61 62 64 65 66 67 68 69 77 78 79 80 81 82 83 85 86 87 91 93 94 96 100 106 107 109 111 114 115 117 122 125 130 131 132 134 136 138 139 140 141 146 147 148 153 155 157 160 165 166 168 169 172 174 175 176 178 179 180 183 184 185 186 190 191 192 196 197 200 202 205 207 208 209 211 214 215 216 221 222 224 225 226 229 230 232 233 235 237 238 239 240 241 242 243 245 247 248 250 251 252 253 254 256 257 259 260 261 263 266 268 269 270 272 273 274 275 276 278 280 282 287 289 293 294 296 297 299 300 301 302 304 305 306 311 312 313 315 318 319 325 327 328 329 332 334 335 338 341 342 343 344 345 346 354 360 361 363 365 366 367 368 370 371 377 379 384 385 386 387 390 391 396 403 407 408 409 412 421 422 424 425 426 428 433 438 439 442 443 444 445 446 448 450 452 453 454 455 456 457 458 459 460 461 462 465 466 467 469 473 474 475 478 479 480 482 483 485 486 487 491 494 496 498 500 502 505 506 514 515 516 518 519 520 524 526 532 535 537 538 540 543 544 545 546 547 549 550 552 553 554 558 560 562 564 570 573 575 577 578 579 583 584 586 587 588 591 592 593 595 599 600 601 603 606 607 612 613 614 615 616 618 619 620 621 624 625 626 628 630 632 633 639 641 644 645 646 647 652 653 654 655 656 661 662 664 665 668 669 670 671 672 673 674 675 676 679 680 682 683 691 692 695 696 697 702 703 704 705 707 711 712 716 717 718 719 723 725 729 735 736 738 740 742 743 747 749 751 752 754 755 756 759 764 767 768 769 770 772 782 783 786 794 796 800 803 804 805 806 807 808 809 811 813 815 816 817 822 823 826 828 831 832 834 835 837 840 841 844 846 847 848 850 852 853 854 858 860 865 866 868 869 870 872 874 876 878 879 880 881 882 884 885 887 888 890 892 897 899 901 902 903 904 905 907 911 912 914 915 917 920 921 923 926 928 931 932 937 939 941 946 949 950 952 953 954 955 956 957 959 964 966 967 968 969 971 974 976 981 982 983 984 986 988 990 992 994 998 999
interaction,core,1000,2-0.5-M,1,57961,501,0 1 4 6 8 10 13 14 15 16 20 21 22 23 25 26 27 32 33 35 36 38 40 41 42 43 48 50 53 54 55 56 58 60 61 63 65 68 69 70 73 74 75 79 81 83 85 86 88 91 92 94 97 99 100 101 103 105 108 110 111 112 113 116 117 122 123 124 126 129 131 132 133 134 135 141 142 143 144 145 147 148 151 152 153 156 158 159 160 163 165 167 168 169 170 171 174 175 176 177 178 179 182 184 185 187 190 192 193 195 196 198 200 202 204 206 207 208 211 213 215 216 220 224 225 226 229 232 234 235 237 238 243 244 251 252 253 256 262 263 264 265 266 267 269 270 271 272 275 276 280 284 286 288 290 294 297 299 300 301 302 303 307 312 313 315 321 322 325 326 327 329 330 331 332 333 335 336 339 342 347 350 351 352 354 356 358 359 360 363 365 366 368 371 374 375 377 380 381 383 389 390 392 395 398 399 400 408 409 411 416 417 419 422 424 425 426 427 431 432 434 435 438 440 441 442 443 446 448 450 454 455 459 462 463 464 465 466 467 468 469 470 472 474 475 478 479 481 482 483 484 488 489 490 492 493 495 496 497 498 499 501 502 504 506 507 508 509 510 511 512 515 516 518 522 523 524 525 533 539 540 542 543 544 546 547 548 550 551 552 555 556 557 558 559 561 563 566 568 572 573 576 580 581 582 584 585 589 590 592 593 594 597 601 602 603 607 609 610 612 614 619 620 621 622 623 624 627 628 629 633 637 638 639 642 643 644 646 647 649 650 653 655 656 657 659 660 661 664 665 668 671 672 673 677 680 682 684 687 688 689 691 692 694 696 698 699 700 701 702 707 708 711 713 714 719 722 724 727 733 737 738 739 741 742 745 746 747 750 751 752 753 755 756 757 758 760 762 763 764 765 767 770 771 781 782 785 787 790 795 796 797 798 800 801 802 803 805 810 812 814 815 816 822 823 825 826 829 830 832 833 834 835 840 841 844 845 847 848 850 851 852 857 860 862 863 864 865 866 870 871 872 873 876 878 879 880 881 884 886 889 890 893 894 895 896 899 904 906 907 908 914 915 919 921 923 927 936 937 938 941 942 950 951 952 956 957 960 961 963 966 975 976 981 982 983 986 989 990 991 994
interaction,core,1000,2-0.5-M,2,58119,501,0 1 3 4 6 10 13 14 15 16 20 21 22 23 25 26 32 33 35 36 38 40 42 43 48 50 53 54 55 56 58 60 61 63 65 68 69 70 73 74 75 79 81 83 85 86 88 91 92 94 97 99 100 101 103 105 107 108 110 111 112 113 116 117 122 123 124 126 129 131 132 133 134 135 139 141 142 143 144 145 147 148 151 152 153 156 159 160 163 165 167 168 169 170 171 174 175 176 177 178 179 182 184 185 187 190 192 193 195 196 198 200 202 204 208 211 213 214 215 216 220 224 225 226 229 232 234 235 237 238 239 243 244 251 252 256 261 262 263 264 265 266 267 268 269 270 271 272 276 280 281 284 286 288 294 297 299 301 302 303 307 312 313 315 321 322 325 326 327 329 330 331 332 333 336 339 342 344 347 350 351 352 354 356 358 359 360 363 365 368 371 372 374 375 377 378 380 381 383 384 388 389 390 392 393 395 398 400 408 409 411 416 417 419 422 424 425 426 427 429 431 432 434 435 438 440 442 443 446 448 450 451 453 454 455 459 462 463 464 465 466 467 468 469 470 472 474 475 476 477 478 479 481 482 483 484 488 489 492 495 496 499 502 503 504 506 507 508 509 510 511 512 515 516 518 522 523 524 525 533 539 542 543 544 546 547 548 550 551 552 555 557 558 559 561 565 566 568 572 573 576 580 581 582 584 589 590 592 593 597 598 601 602 603 609 610 612 614 615 619 620 621 622 623 624 627 628 629 633 637 638 639 642 643 644 646 649 650 653 655 656 657 659 660 661 664 665 668 671 672 673 677 680 682 684 687 689 691 692 694 696 698 699 700 701 702 704 708 711 713 714 719 722 724 730 733 737 738 739 741 742 745 746 747 750 751 752 753 755 756 757 758 760 762 763 764 767 770 771 781 782 785 787 790 795 796 797 798 799 800 801 802 803 805 810 812 814 815 816 822 823 824 825 826 829 830 833 834 840 841 843 844 845 847 848 850 851 852 853 857 860 862 863 864 865 866 870 871 872 873 876 878 879 880 881 884 886 890 893 894 895 896 899 900 904 906 907 914 919 921 923 926 927 928 932 936 937 938 941 942 947 950 951 952 953 956 957 958 960 961 963 965 966 976 981 982 986 989 990 991 994
interaction,core,1000,2-0.5-M,3,58034,501,0 1 4 6 8 10 13 14 15 16 20 21 22 23 25 26 32 33 35 36 37 38 40 42 43 48 50 53 54 55 56 58 60 63 65 68 69 70 73 74 75 76 79 81 83 85 86 88 91 92 93 94 97 100 101 103 105 108 110 111 112 113 116 117 122 123 124 126 129 131 132 133 134 135 141 142 143 145 148 151 152 153 156 158 159 160 163 165 167 168 169 170 171 174 175 176 177 178 179 182 184 185 187 190 192 193 195 196 197 198 200 202 204 206 208 209 211 213 214 215 216 224 225 226 229 232 234 235 237 238 239 241 244 251 252 256 262 263 264 265 266 267 269 270 271 272 276 280 281 284 286 288 294 297 299 300 301 302 303 307 309 312 313 315 321 322 325 326 327 329 330 331 332 333 335 339 341 342 344 347 350 351 352 354 356 358 359 360 363 365 368 371 372 374 375 377 378 380 381 383 384 389 390 392 393 395 398 399 400 405 408 409 411 416 417 419 422 424 425 426 427 431 432 434 435 438 440 441 442 443 446 448 450 453 454 455 459 462 463 464 465 466 467 468 469 474 475 476 478 479 480 481 482 484 485 489 490 492 493 495 496 497 498 499 501 502 503 504 506 507 508 509 510 511 512 515 516 518 522 523 524 525 533 539 540 542 543 544 546 547 548 550 551 552 555 557 558 559 561 565 566 568 572 573 576 580 581 582 584 587 589 590 592 593 594 597 601 602 603 609 610 612 614 615 617 619 620 621 622 623 624 627 628 629 633 637 638 639 642 643 644 646 647 649 650 653 655 656 657 659 660 661 664 665 668 671 672 673 677 680 682 684 687 689 691 692 694 696 698 699 701 702 708 710 711 713 714 722 724 730 733 737 738 739 741 742 745 746 750 751 752 753 755 756 757 758 760 762 763 764 765 767 770 771 781 782 785 787 790 794 795 797 798 800 801 802 803 805 810 812 815 816 823 824 825 829 830 832 833 834 835 840 841 844 845 847 848 850 851 852 853 857 860 862 863 864 865 866 871 872 873 876 878 879 880 881 884 886 890 893 894 895 896 899 900 904 906 907 908 914 916 919 921 923 927 928 936 937 938 941 942 950 951 952 956 957 958 960 961 963 966 975 976 981 982 983 986 989 990 991 994
interaction,core,1000,6-0.75-P,1,350846,751,0 1 3 6 8 9 10 11 14 15 16 17 19 21 23 24 25 26 27 28 29 30 31 32 33 34 35 38 39 40 41 44 45 47 49 50 51 52 54 55 56 57 58 60 62 64 65 66 67 68 69 70 72 73 74 75 78 79 80 82 83 84 85 86 87 89 90 92 94 95 96 97 98 100 101 102 103 104 105 106 107 108 110 111 112 114 115 116 117 118 119 121 122 124 126 127 128 129 130 131 133 134 135 137 138 139 141 142 144 145 146 148 149 151 152 153 154 155 156 160 163 164 165 166 167 170 171 172 174 175 176 177 178 180 181 182 183 187 188 189 190 191 192 193 195 196 200 201 203 206 208 209 211 213 214 215 216 218 220 221 222 223 225 226 227 228 230 231 233 234 235 236 237 239 240 241 244 245 246 248 249 250 251 254 256 257 258 259 261 262 263 265 266 267 268 269 270 271 272 273 275 276 277 278 279 280 281 282 284 285 286 287 288 289 290 291 292 293 294 295 296 297 298 299 300 301 302 303 304 307 308 309 310 311 313 314 315 316 317 319 320 321 322 323 324 326 327 328 329 330 331 332 333 334 335 336 337 338 339 340 341 342 344 345 346 348 352 353 354 355 356 357 358 359 360 361 365 366 367 368 370 371 372 373 374 375 377 378 379 382 383 386 387 388 389 390 391 392 393 395 396 397 398 399 400 401 402 403 404 405 406 407 408 409 410 411 412 413 414 416 417 419 420 421 422 423 425 427 428 430 431 432 433 434 435 436 438 439 440 441 443 444 445 446 447 448 449 450 451 453 454 455 456 459 461 462 463 465 466 467 468 469 470 471 473 474 481 482 483 484 485 486 487 489 490 491 492 493 494 495 497 498 499 500 501 502 503 504 506 509 510 512 513 514 515 516 519 520 521 522 523 524 526 527 528 529 530 531 532 533 535 538 539 540 541 542 544 545 546 547 548 549 552 555 556 557 560 561 562 565 566 568 570 571 573 574 575 576 577 578 580 584 585 586 587 588 593 594 596 597 599 600 601 602 603 604 605 606 608 609 610 611 613 614 616 617 618 619 620 621 623 624 627 628 630 631 632 633 634 636 637 638 640 641 642 644 645 646 649 651 652 653 655 656 658 659 660 661 663 665 666 667 669 670 671 673 674 675 676 677 679 681 682 684 685 687 688 689 690 691 692 693 694 695 696 697 699 700 701 704 705 706 707 708 709 711 712 714 715 717 718 720 722 723 724 725 726 728 730 731 732 734 735 740 741 742 743 744 745 746 747 748 749 750 751 752 754 755 756 757 759 760 761 762 763 764 766 767 768 770 772 773 774 775 776 777 779 781 782 783 784 786 787 788 790 792 793 794 795 796 797 798 800 801 802 803 804 805 806 807 808 809 810 811 812 813 814 815 817 818 821 822 824 825 826 827 828 829 830 831 832 834 837 838 839 840 842 843 844 845 846 847 848 849 850 853 854 855 858 859 860 862 863 864 865 866 868 871 874 875 876 878 879 880 881 884 885 887 888 890 891 892 893 894 895 896 898 900 901 903 907 908 909 910 911 912 913 916 917 918 921 922 923 924 925 926 927 929 930 931 932 933 936 938 940 942 943 944 945 946 947 949 950 951 952 953 955 956 957 959 960 961 962 963 965 966 967 968 969 971 972 973 974 975 976 977 978 979 980 982 983 984 986 987 989 991 992 995 997 998 999
interaction,core,1000,6-0.75-P,2,350916,751,0 1 3 6 8 10 11 13 14 15 16 17 19 20 21 23 24 25 26 27 28 29 30 31 34 35 38 39 40 41 43 44 45 47 49 50 51 52 54 55 56 57 58 60 62 63 64 65 66 67 68 69 70 71 72 73 74 75 77 78 80 82 83 84 85 87 88 89 90 92 93 94 95 97 98 100 101 102 103 104 105 106 107 108 110 111 112 113 114 115 116 117 118 119 120 121 122 123 124 126 127 128 129 130 131 132 133 134 135 137 138 139 141 142 144 145 146 149 151 152 153 154 155 156 159 160 161 162 163 164 165 166 167 169 171 172 174 175 176 177 178 180 181 182 183 186 187 188 189 190 191 192 193 195 196 201 203 206 208 209 210 211 213 214 215 216 218 219 220 221 222 223 225 226 227 228 230 231 233 234 235 236 237 239 240 241 244 245 246 248 249 250 251 254 257 258 259 262 263 265 266 267 268 269 270 271 272 273 275 276 277 278 280 281 282 284 285 286 287 288 289 290 292 293 294 295 296 297 298 299 300 301 302 303 304 305 306 307 308 309 311 313 314 315 316 317 319 320 321 322 323 324 326 327 328 329 330 331 332 333 334 335 336 337 339 340 341 342 343 344 345 346 348 353 354 356 357 358 359 360 361 363 365 366 367 368 370 371 372 373 374 375 378 379 382 383 386 388 389 390 391 392 393 395 397 398 399 401 402 403 405 406 408 409 411 412 413 414 416 417 419 420 421 422 423 425 426 427 428 430 431 433 434 435 436 438 439 440 441 443 444 445 446 447 448 449 450 451 453 454 455 456 459 461 462 463 465 466 467 468 469 470 471 473 474 476 479 481 484 485 486 487 489 490 491 492 493 494 497 498 499 500 501 502 503 504 505 506 509 510 512 513 514 515 516 519 520 521 522 523 524 526 527 528 529 530 531 532 533 535 537 538 539 540 542 544 545 546 547 548 549 551 552 553 554 555 557 560 561 562 564 565 566 568 569 570 571 573 574 575 576 577 578 580 582 584 585 588 589 593 594 596 597 599 600 601 602 603 604 605 606 608 609 611 613 614 616 617 618 619 620 621 623 624 627 628 630 631 632 633 634 636 637 638 639 640 641 644 645 646 648 649 651 652 653 655 656 658 659 660 661 662 663 665 666 667 669 670 671 673 674 675 676 677 679 681 682 684 685 686 687 688 689 690 691 692 693 694 695 696 697 699 700 701 702 705 706 707 708 709 711 712 713 715 720 723 724 725 726 728 730 732 734 735 740 741 742 743 744 745 746 747 748 749 750 751 752 754 755 756 757 760 762 763 764 766 767 768 770 771 772 773 774 775 776 777 778 779 781 782 783 784 786 787 788 789 790 792 793 794 795 796 797 798 799 800 801 802 803 804 805 806 807 810 811 812 813 814 815 817 818 819 821 822 824 825 826 827 828 829 830 831 832 834 837 838 839 840 842 843 844 845 846 847 848 849 850 851 853 854 855 858 859 860 862 863 864 865 866 871 874 878 879 880 881 884 885 887 888 890 891 892 893 894 895 898 900 901 903 908 909 910 911 913 914 916 917 918 921 922 923 925 926 927 928 929 931 932 933 935 936 938 940 942 943 944 945 946 947 949 950 951 952 953 955 956 957 958 959 960 961 962 963 965 966 967 968 969 970 971 972 973 974 975 977 978 979 980 982 983 984 985 986 987 989 991 992 995 997 998 999
interaction,core,1000,6-0.75-P,3,350829,751,0 1 2 3 6 8 10 11 13 14 15 16 17 19 20 21 23 24 25 26 27 28 29 30 31 32 34 35 38 39 40 41 43 44 45 47 49 50 52 54 55 56 57 58 60 62 63 64 65 66 67 68 69 70 71 72 73 74 75 77 78 79 80 82 83 84 85 87 89 90 92 94 95 97 98 100 101 102 103 104 105 106 107 108 109 110 111 112 114 115 116 118 119 120 121 122 124 126 127 128 129 130 131 133 134 135 137 138 139 141 142 144 145 146 149 151 152 153 155 156 160 163 164 165 166 169 170 171 172 174 175 176 177 178 180 181 182 183 186 187 188 189 190 191 192 193 195 196 199 200 201 203 206 208 209 210 211 213 215 216 218 220 221 222 223 225 226 227 228 230 231 233 234 235 236 237 239 240 241 244 245 246 248 249 250 251 252 253 254 256 257 258 259 262 263 265 266 267 268 269 270 271 272 275 276 277 278 279 280 281 282 284 285 286 287 288 289 290 291 292 293 294 295 296 297 298 299 300 301 303 304 305 306 307 308 309 311 313 314 315 316 317 319 320 321 322 323 324 326 327 328 329 330 331 332 333 334 335 336 337 339 340 341 342 343 344 345 346 348 350 352 353 354 356 357 358 359 360 361 363 365 366 367 368 370 371 372 373 374 375 377 378 379 382 383 386 387 388 389 390 391 392 393 395 397 398 399 401 402 403 405 406 407 408 409 411 412 413 414 416 417 419 420 421 422 423 425 427 428 431 433 434 435 436 438 439 440 441 443 444 445 446 447 448 449 450 451 453 454 455 456 459 461 462 463 465 466 467 468 469 470 471 473 474 482 483 484 485 486 487 488 490 491 492 493 494 497 498 499 500 501 502 503 504 505 506 509 512 513 514 515 516 519 520 521 522 523 524 526 527 528 529 530 531 532 533 534 535 537 538 539 540 542 544 545 546 547 548 549 552 553 554 556 557 560 561 562 564 565 566 568 569 570 571 573 574 575 576 577 578 580 584 585 586 588 589 591 593 594 596 599 600 601 602 603 604 605 606 608 609 611 613 614 616 617 618 619 620 621 623 624 627 628 630 631 632 633 634 636 637 638 639 640 641 644 645 646 648 649 651 652 653 655 656 658 659 660 661 663 665 666 667 669 670 671 673 674 675 676 677 679 681 682 684 685 687 688 689 690 691 692 693 694 695 696 697 699 700 701 704 705 706 707 708 709 711 712 713 714 715 716 718 720 722 723 724 725 726 728 730 731 734 735 739 740 741 743 744 745 746 747 748 749 750 751 752 754 755 756 757 760 762 763 764 766 767 768 770 772 773 774 775 776 777 778 779 781 782 783 784 786 787 788 790 792 793 794 795 796 797 798 799 800 801 802 803 804 805 806 807 810 811 812 813 814 815 817 818 821 822 823 824 825 826 827 828 829 830 831 832 833 834 837 838 839 840 842 843 844 845 846 847 848 849 850 853 854 855 858 859 860 862 863 864 865 866 871 874 875 877 878 879 880 881 884 885 887 888 890 891 892 893 894 895 897 898 900 901 903 908 909 910 911 912 913 916 917 918 921 922 923 924 925 926 927 928 929 931 932 933 934 935 936 938 940 942 943 944 945 946 947 949 950 951 952 953 955 956 957 959 960 961 962 963 965 966 967 968 969 971 972 973 974 975 977 978 979 980 982 983 984 985 986 987 989 991 992 994 995 997 999
interaction,core,1000,3-0.75-M,1,38174,748,0 3 4 5 6 7 8 10 13 14 15 16 17 18 20 21 22 23 24 25 27 28 29 30 31 32 37 39 41 42 43 44 45 46 49 50 52 54 55 56 59 61 62 64 66 67 68 70 71 72 75 78 79 81 82 83 86 87 88 91 92 93 94 95 97 98 99 100 101 102 103 104 105 106 107 109 112 113 114 115 116 118 120 122 123 126 127 129 130 131 132 135 136 137 138 139 143 144 145 147 148 150 152 153 154 155 156 157 158 159 160 162 163 164 166 167 168 169 170 171 172 173 175 178 179 180 181 182 183 185 186 187 188 189 190 192 193 194 197 198 199 200 201 202 203 204 205 207 209 213 215 218 220 221 223 224 225 226 227 228 229 231 232 233 234 235 236 239 240 241 243 245 246 247 248 249 250 251 252 253 254 255 256 257 258 261 262 263 264 265 266 267 268 269 273 274 275 277 278 279 280 281 282 283 284 285 287 289 290 291 293 294 295 296 298 299 300 302 303 304 305 306 307 308 310 311 312 313 315 317 318 319 320 322 323 324 326 328 329 330 331 332 333 334 335 337 338 339 341 342 343 344 345 347 349 350 351 352 354 355 357 358 360 361 363 365 366 367 368 369 371 372 373 374 375 377 378 379 380 381 382 384 385 386 388 389 390 391 392 393 394 395 396 398 399 400 401 402 403 405 406 407 408 409 410 411 412 413 414 415 417 419 421 422 423 425 426 429 431 432 433 435 436 438 439 440 442 444 445 446 449 450 451 452 453 454 455 456 457 459 461 465 467 468 469 470 471 474 475 477 479 480 481 482 483 484 485 486 487 488 489 490 491 492 493 494 495 496 497 500 501 502 503 504 505 506 507 508 509 510 511 512 513 514 515 516 517 518 521 523 525 526 528 530 531 533 534 536 537 538 539 540 543 545 546 547 548 549 552 553 554 555 556 557 559 561 562 563 564 565 566 567 568 569 570 571 573 575 576 577 578 579 580 581 583 584 585 587 590 591 592 593 595 598 599 600 601 602 604 607 608 609 610 611 612 614 615 616 617 618 620 624 625 626 627 628 629 631 632 633 634 635 636 637 638 639 641 642 644 645 648 649 650 651 652 653 654 655 656 657 658 660 661 662 663 665 666 667 668 669 670 671 672 674 675 676 677 678 679 680 681 683 684 687 688 689 690 691 692 694 695 696 697 700 701 702 703 705 706 709 710 714 715 716 717 718 721 722 724 726 727 728 729 730 731 732 733 734 735 736 737 739 740 741 742 743 744 745 746 747 748 749 750 751 752 753 755 757 758 759 760 761 762 764 765 766 767 769 770 771 772 773 774 775 776 777 778 779 780 781 782 783 784 785 786 787 788 789 790 791 792 793 794 796 798 799 800 801 802 804 805 809 810 812 815 816 817 818 820 821 822 823 824 825 826 827 828 829 830 831 832 833 834 836 837 839 840 841 842 843 844 845 846 848 850 851 855 856 858 859 860 861 864 865 866 867 868 870 871 873 874 875 876 877 878 880 882 884 885 887 888 889 890 891 894 896 898 900 901 903 906 907 908 910 912 913 914 915 916 917 918 920 921 922 923 924 925 927 929 932 933 934 936 937 939 941 942 945 946 947 948 949 950 951 952 953 955 956 957 958 960 961 963 964 965 966 970 972 975 977 978 979 980 981 982 983 984 985 986 987 990 991 992 993 995 997 998 999
interaction,core,1000,3-0.75-M,2,38308,748,0 3 4 5 7 8 9 10 13 14 15 16 17 18 20 21 22 23 24 25 27 28 29 30 31 32 39 41 42 43 44 45 46 48 49 50 52 54 55 56 58 61 62 64 66 67 68 70 71 72 75 78 79 81 82 83 84 86 87 88 91 92 93 94 95 97 98 99 100 101 102 103 104 105 106 107 109 113 114 115 116 117 118 119 120 121 122 123 126 127 128 131 132 135 136 137 139 143 144 145 147 148 150 152 153 154 155 156 158 159 160 162 163 164 166 167 168 169 170 171 172 173 175 177 178 179 180 181 182 183 187 188 189 190 192 193 194 197 198 199 200 201 202 203 204 205 207 208 209 211 213 215 218 220 221 222 223 224 225 226 227 228 229 231 232 233 234 235 236 239 240 241 243 245 246 247 248 250 253 254 255 256 257 258 260 261 262 263 264 265 267 268 269 273 274 275 277 278 279 280 281 282 283 284 285 287 289 290 291 292 293 294 295 296 298 302 303 304 305 306 307 310 311 312 313 315 318 319 320 323 324 328 329 330 331 332 333 334 335 337 338 339 342 343 344 345 347 348 349 350 351 352 354 355 357 358 361 363 365 368 369 371 372 373 374 375 376 377 378 379 380 381 382 384 385 388 389 390 391 392 393 394 395 396 398 399 400 401 402 403 405 407 408 409 410 411 412 413 414 415 417 419 420 421 422 423 425 426 429 431 432 435 436 438 439 440 442 443 444 445 446 447 449 450 451 452 453 454 455 456 457 459 461 467 468 469 470 471 474 475 477 479 480 481 483 484 485 486 487 488 489 490 491 492 493 494 495 496 497 500 501 502 503 504 506 507 508 510 511 512 513 514 515 516 517 518 521 523 524 525 526 528 531 532 533 534 536 537 538 539 540 541 543 544 545 546 547 548 552 553 554 555 556 557 559 561 562 563 564 565 566 567 568 569 570 571 574 575 576 577 578 579 580 581 582 583 584 585 587 590 591 592 593 595 596 598 599 600 601 602 604 607 608 609 610 611 613 614 615 617 618 620 621 622 624 625 627 628 629 631 632 633 634 635 636 637 638 639 641 642 644 646 648 649 650 651 652 653 654 655 656 657 658 660 661 662 663 664 666 667 668 669 670 671 672 675 676 677 679 680 681 682 683 684 685 687 688 689 690 691 692 694 695 696 697 699 700 701 702 703 705 706 709 710 712 714 715 716 717 718 719 721 722 724 725 726 727 728 729 731 733 734 735 736 737 739 740 741 742 743 744 745 746 747 748 749 750 751 752 753 755 757 758 759 760 761 762 764 765 766 767 768 769 770 771 772 773 774 775 776 777 778 779 780 781 782 783 784 785 786 787 788 789 790 791 792 794 796 798 799 801 802 804 805 809 810 812 814 815 816 817 818 820 821 822 824 825 826 827 828 829 830 831 832 833 834 836 837 838 839 840 841 842 843 844 845 846 847 848 850 851 852 855 856 857 858 859 860 861 862 864 865 866 867 868 869 870 871 873 874 875 876 877 878 880 882 884 885 887 888 890 896 898 900 901 903 906 907 908 909 910 912 913 914 915 916 917 918 920 921 922 923 924 925 928 929 932 933 934 936 937 939 940 941 942 945 946 947 948 949 950 951 952 953 955 957 958 960 961 962 963 964 965 966 968 970 972 975 977 978 979 980 981 982 983 984 985 986 987 990 991 992 993 995 996 997 998 999
interaction,core,1000,3-0.75-M,3,38280,749,0 3 4 5 6 7 8 9 10 11 13 14 15 16 17 18 20 21 22 23 24 25 27 28 29 30 31 32 37 39 40 41 42 43 44 45 46 48 49 50 52 53 54 55 56 59 61 62 63 64 66 67 68 70 72 75 78 79 81 82 83 86 87 88 89 91 92 93 94 95 97 98 99 100 101 102 103 104 105 106 107 108 109 112 113 114 115 116 117 118 119 120 121 122 123 126 127 128 129 131 132 135 136 137 139 140 143 145 147 148 150 152 153 154 155 156 158 159 160 162 163 164 166 167 168 169 170 171 172 173 174 175 178 179 180 181 182 183 185 187 188 189 190 192 193 194 196 197 198 199 200 201 202 203 204 205 207 208 209 213 215 218 220 221 223 224 225 226 227 228 229 231 232 233 234 235 236 239 240 241 243 245 246 247 248 249 250 252 253 254 255 256 257 258 261 262 263 264 265 266 267 268 269 273 274 275 277 278 279 280 281 282 283 284 285 287 289 290 291 292 293 294 295 296 298 299 302 303 304 305 306 307 310 311 312 313 314 315 319 320 323 324 328 329 330 331 332 333 334 335 337 338 339 342 343 344 345 347 349 350 351 352 354 356 357 358 363 364 365 366 368 369 371 372 373 374 375 376 377 378 379 380 381 382 384 385 388 389 390 391 392 393 394 395 396 398 399 400 401 402 403 405 407 408 409 410 411 412 413 414 415 417 419 420 421 422 423 426 429 431 432 435 436 438 439 440 442 444 445 446 447 449 450 451 452 453 454 455 456 457 459 460 461 462 465 467 468 469 470 471 474 475 477 479 480 481 483 484 485 486 487 488 489 490 491 492 493 494 495 496 497 499 500 501 502 503 504 505 506 507 508 509 510 511 512 513 514 515 516 517 521 523 524 525 526 528 531 533 534 536 537 538 539 540 541 543 544 545 546 547 548 549 552 553 555 556 557 559 561 562 563 564 565 566 567 568 569 570 571 573 574 575 576 577 578 579 580 581 583 584 585 587 590 591 592 593 595 597 598 599 600 602 604 607 608 609 610 611 613 614 615 616 617 618 620 624 627 628 629 631 632 633 634 635 636 637 638 639 641 642 644 647 648 649 650 651 652 653 654 655 656 657 658 660 663 666 667 668 669 670 671 672 673 675 676 677 679 680 681 683 684 685 687 688 689 690 691 692 694 695 696 697 698 700 701 702 703 705 706 709 710 714 715 716 717 718 719 721 722 724 726 727 728 729 731 733 734 735 736 737 739 740 741 742 743 744 745 746 747 748 749 750 751 752 753 755 757 758 759 760 761 762 764 765 766 767 769 770 771 772 773 774 775 776 778 780 781 782 783 784 785 786 787 788 789 790 791 792 793 794 796 798 799 801 802 804 805 809 810 812 813 814 815 816 820 821 822 823 824 825 826 827 828 829 830 831 832 833 834 836 837 838 839 840 841 842 843 844 845 846 848 850 851 852 855 856 857 858 859 860 861 862 864 865 866 867 868 870 871 873 874 876 877 878 880 882 884 885 887 888 890 891 896 898 900 901 902 903 906 907 908 909 910 912 913 914 915 916 917 918 920 921 922 923 924 925 929 932 933 934 936 937 939 940 941 942 945 946 947 948 949 950 951 952 953 955 956 957 958 960 961 962 963 964 965 966 968 970 972 975 977 978 979 980 981 982 983 984 985 986 987 990 991 992 993 995 997 998 999
interaction,noIntPen,1000,4-0.25-P,1,135518,251,0 2 5 12 15 18 22 25 27 29 35 44 45 48 51 58 63 65 70 71 75 79 82 91 97 100 102 110 126 144 154 156 159 160 173 178 181 190 191 192 194 196 200 201 208 212 213 215 222 223 225 227 233 234 235 237 238 239 241 262 265 267 269 278 285 286 288 298 302 303 304 306 307 309 320 326 329 330 332 334 341 343 351 353 354 361 372 377 379 381 383 387 389 390 392 393 396 398 400 402 404 409 410 411 412 414 416 422 426 429 430 434 452 459 460 461 462 472 495 496 497 499 500 501 509 513 515 519 520 523 526 527 529 535 542 544 549 550 555 556 557 559 561 564 572 577 581 582 584 586 591 592 593 595 600 610 616 623 624 633 646 650 652 654 661 662 665 667 668 677 678 681 682 689 696 697 704 709 716 720 721 722 724 725 728 734 735 745 747 748 753 755 767 769 773 776 780 787 789 792 814 818 824 828 831 833 835 836 839 840 841 843 849 852 857 862 867 874 882 884 886 891 897 899 902 910 915 918 920 923 924 927 929 931 933 937 940 941 946 948 950 952 954 963 964 980 981 984 990 992 994
interaction,noIntPen,1000,4-0.25-P,2,135385,250,0 2 12 15 22 27 29 35 48 58 63 65 68 70 71 75 78 83 91 97 100 102 110 113 117 126 128 140 148 150 156 159 176 178 180 189 191 192 196 200 201 208 210 212 213 215 224 225 229 234 235 237 238 239 241 244 257 262 267 269 270 271 278 279 280 285 286 288 298 303 306 307 309 315 320 326 329 330 334 335 341 342 344 351 354 361 367 371 372 377 379 381 382 383 387 389 390 392 393 396 400 402 404 409 410 412 423 426 430 433 434 452 459 460 461 462 470 472 495 496 497 500 501 509 513 515 519 520 523 526 527 529 535 542 544 550 554 555 556 557 559 561 566 572 573 577 581 582 584 586 591 592 593 595 600 610 620 623 624 628 630 633 646 650 651 654 661 666 667 668 675 677 678 682 683 689 692 693 696 697 699 701 704 712 716 720 721 722 724 728 735 745 747 748 752 753 755 760 767 769 773 776 787 791 793 818 827 828 833 835 839 841 849 857 858 862 864 873 874 888 891 894 897 902 904 910 915 918 920 924 931 937 940 941 946 948 950 952 954 963 964 972 980 981 984 990 992 994 995 999
interaction,noIntPen,1000,4-0.25-P,3,135552,252,2 5 12 15 18 22 25 27 29 34 35 42 44 45 48 51 58 63 65 70 71 75 90 91 97 100 102 110 126 144 148 152 156 160 178 186 189 190 191 192 200 208 210 212 215 224 225 227 229 234 235 237 238 239 241 267 269 271 276 278 279 281 285 286 288 298 302 303 306 307 309 320 326 329 330 334 340 341 342 352 353 354 361 371 372 377 379 381 383 387 389 390 392 394 396 398 400 402 404 410 411 412 416 421 423 424 426 429 430 434 436 452 459 460 461 462 464 472 496 497 500 509 513 519 520 526 527 529 532 535 544 549 555 556 557 559 561 566 572 573 575 577 581 582 586 591 592 593 595 600 603 610 620 623 633 646 650 651 652 654 661 663 665 666 667 668 677 678 679 682 683 689 693 696 697 709 711 716 719 721 722 724 730 734 735 740 745 747 748 752 753 755 767 776 780 787 791 793 807 818 824 828 831 833 835 839 843 852 862 867 871 873 874 884 891 894 896 897 902 910 915 918 920 921 923 924 929 931 933 936 937 940 946 948 949 950 951 952 954 955 961 963 964 972 980 984 986 990 992 994 996 997
interaction,noIntPen,1000,6-0.25-M,1,38977,250,5 12 14 17 18 23 25 29 32 43 50 59 63 67 69 74 79 80 81 92 95 100 103 107 111 118 121 125 126 138 139 140 146 147 153 155 193 195 202 204 212 227 229 232 237 238 245 259 265 268 270 275 287 294 297 300 309 310 311 315 316 322 327 329 333 334 337 338 342 351 353 357 360 364 365 366 367 371 380 383 384 386 387 390 395 401 405 408 409 414 417 419 421 422 423 425 428 429 431 433 438 439 444 445 447 450 452 455 468 472 474 478 481 482 486 489 491 492 493 500 502 511 513 519 523 530 531 538 540 544 547 549 558 564 565 567 572 576 578 580 581 591 592 594 599 602 603 616 619 625 630 634 639 640 652 655 661 664 665 666 667 672 673 674 680 684 687 692 694 695 698 699 701 703 711 715 723 747 754 756 761 763 765 768 772 773 778 782 783 786 787 790 794 795 796 801 803 812 813 815 817 821 823 827 828 835 839 840 848 851 856 859 860 861 862 864 867 872 878 879 884 888 889 893 896 903 911 914 930 938 940 942 944 948 953 956 959 960 961 962 972 973 977 984 986 989 991 992 996 998
interaction,noIntPen,1000,6-0.25-M,2,38817,249,5 14 17 18 25 28 29 32 37 43 44 50 53 54 59 63 69 72 74 80 89 92 95 99 100 103 107 111 119 121 124 125 126 129 138 139 140 145 146 155 163 180 184 190 193 195 204 216 218 219 222 227 232 238 241 250 259 268 275 278 280 282 287 300 309 311 315 316 322 329 334 337 338 342 346 351 353 359 361 363 364 365 366 367 370 371 380 386 387 388 390 391 395 401 405 407 409 414 415 417 423 425 428 431 439 444 445 450 452 453 464 466 472 478 481 482 483 489 491 492 493 502 519 523 527 530 531 538 544 549 553 557 558 564 565 567 572 573 576 578 581 591 592 594 595 602 603 612 616 619 630 639 640 652 653 661 663 664 665 666 667 672 673 674 680 684 687 689 694 695 699 701 703 711 723 744 750 754 763 768 772 773 778 782 783 786 787 789 790 794 796 801 803 812 813 815 817 823 827 828 835 839 840 848 856 860 862 863 864 867 884 887 888 889 893 896 898 899 901 902 905 913 914 917 930 938 940 942 944 946 948 952 953 954 956 960 961 962 972 973 977 983 984 986 989 991 992 996 998
interaction,noIntPen,1000,6-0.25-M,3,38671,250,5 6 11 12 14 17 18 29 32 37 38 40 43 46 50 59 66 69 70 74 80 89 91 92 95 100 103 109 111 118 121 124 125 126 135 139 140 141 145 146 155 163 172 190 212 218 219 222 225 227 231 232 238 240 241 248 259 263 265 268 275 278 280 294 300 307 309 310 311 316 322 327 329 334 337 338 342 351 353 357 359 361 363 364 365 366 367 368 380 381 384 386 387 388 391 395 401 405 407 409 419 423 425 428 429 433 439 444 450 452 453 455 464 468 470 472 474 478 479 481 482 483 489 491 492 493 500 502 507 511 513 519 523 527 530 531 538 547 549 553 557 558 564 567 573 576 581 591 594 603 612 615 619 630 633 634 639 640 648 661 663 665 666 667 674 680 684 687 692 694 695 697 698 701 703 711 723 745 747 750 752 754 758 763 765 768 772 773 774 778 782 783 786 787 789 790 791 794 796 800 801 803 812 813 815 817 823 827 835 839 840 848 851 856 862 864 867 872 878 879 884 888 891 893 896 901 905 911 913 914 917 935 938 940 944 948 956 960 961 962 972 973 977 983 986 989 991 992 996 998
interaction,noIntPen,1000,5-0.5-P,1,272348,502,2 3 6 10 11 12 13 14 17 21 22 24 25 26 29 30 31 32 33 34 35 36 38 39 40 47 49 53 54 55 59 60 61 62 64 65 66 67 69 77 78 79 80 81 82 83 85 86 87 91 93 94 96 106 107 109 113 114 115 117 119 122 125 130 132 134 136 138 139 140 141 142 144 146 147 148 155 157 160 165 166 168 169 172 174 175 176 177 178 179 180 183 184 185 186 191 192 196 197 199 200 201 202 205 207 208 209 211 213 214 215 216 221 222 224 225 226 227 229 230 233 237 238 239 240 241 242 243 245 247 248 251 252 253 254 256 257 259 260 261 263 266 269 270 272 274 275 276 278 280 282 288 289 293 294 296 297 298 299 300 301 302 304 305 306 309 311 313 314 319 322 325 328 329 331 332 334 335 338 343 344 345 354 357 360 361 363 365 366 367 368 370 371 377 378 384 385 386 387 390 391 396 400 403 407 408 409 410 412 417 424 425 426 428 438 439 443 444 445 446 448 450 452 453 454 455 456 457 458 459 460 461 465 466 467 469 472 473 474 475 478 479 480 481 482 483 485 486 487 491 492 494 497 498 500 502 505 512 514 515 516 520 524 526 532 533 534 535 537 538 540 543 545 546 547 549 550 551 552 553 554 555 558 560 562 570 572 573 574 575 577 578 579 584 586 587 591 592 593 595 600 601 602 603 607 613 614 615 616 618 619 620 621 624 625 626 628 630 632 639 641 644 645 646 647 652 653 654 656 661 665 668 669 670 672 673 675 676 679 680 682 683 685 691 692 695 696 702 703 704 705 707 711 712 716 717 718 719 723 725 726 728 729 731 735 736 740 742 743 747 749 751 752 754 755 756 759 762 764 765 767 768 769 770 772 781 782 783 786 794 796 800 803 804 805 806 807 809 811 813 815 816 821 822 823 826 828 831 834 835 837 840 841 844 846 847 848 850 852 853 854 858 860 861 865 866 868 869 870 871 872 874 875 876 878 879 880 881 882 884 885 886 887 888 890 892 899 901 902 903 904 905 907 908 911 912 914 915 917 920 921 922 923 926 928 931 932 935 937 939 941 943 946 949 950 952 953 954 955 956 957 959 966 967 968 969 971 974 976 977 978 980 981 982 983 984 985 988 992 994 998 999
interaction,noIntPen,1000,5-0.5-P,2,272279,503,2 3 6 10 11 12 16 17 20 21 22 24 25 26 29 30 31 32 33 34 37 39 40 43 47 49 53 55 59 60 61 62 64 65 66 67 69 77 78 79 80 81 82 83 85 86 87 91 93 94 96 102 106 107 109 111 114 115 117 122 125 130 131 132 134 136 138 139 140 141 144 146 147 148 155 157 160 164 165 166 168 169 172 174 175 176 178 179 183 184 185 186 190 192 196 200 201 202 205 207 208 209 211 213 214 215 216 222 224 225 226 229 230 232 233 235 237 238 239 240 241 242 243 245 247 248 251 252 253 254 256 257 260 261 263 266 268 269 270 272 274 275 276 278 280 282 289 291 293 294 296 297 299 300 301 302 304 305 306 310 311 313 314 315 322 325 328 329 332 334 335 338 343 344 345 346 354 357 360 361 363 365 366 367 368 370 371 377 379 384 386 387 390 391 396 400 401 403 409 410 412 417 421 422 424 425 426 428 433 437 438 439 443 444 445 446 448 450 451 452 453 454 455 456 457 458 459 461 462 465 466 467 469 473 474 475 478 479 480 483 485 486 487 489 491 492 493 494 500 502 505 514 515 516 517 520 521 524 526 530 532 533 534 535 538 540 543 544 545 546 547 549 550 552 553 554 558 560 562 567 570 573 574 577 578 579 583 584 586 587 592 593 595 600 601 606 607 612 613 614 615 616 619 620 621 624 625 626 628 630 633 641 644 645 646 647 652 653 654 656 658 661 662 663 664 665 668 669 670 671 672 673 674 675 676 679 680 681 682 683 685 691 692 693 695 698 702 703 704 705 707 711 712 716 717 718 719 723 725 728 729 731 733 735 736 738 740 742 743 747 749 751 752 754 755 756 759 762 764 765 767 768 769 770 772 781 782 783 786 792 793 794 800 803 804 805 806 807 808 813 815 816 820 822 823 826 827 828 831 832 834 835 837 840 841 844 846 847 848 849 850 852 853 854 857 858 860 865 866 868 869 870 871 872 874 876 878 879 880 881 882 884 887 888 889 890 892 895 897 899 901 902 903 904 905 907 911 912 914 915 917 920 921 922 923 926 928 931 932 934 935 937 939 941 943 946 949 950 952 953 954 955 957 959 966 967 968 969 971 974 976 977 978 981 982 983 984 985 988 992 994 998 999
interaction,noIntPen,1000,5-0.5-P,3,272292,503,2 3 9 10 11 12 13 14 16 17 20 21 22 24 25 26 28 29 30 31 32 33 34 35 37 38 39 40 41 43 47 49 53 54 55 59 60 61 62 64 65 66 67 68 69 71 77 78 79 80 81 82 83 85 86 87 91 93 94 96 103 105 106 107 109 111 114 115 117 122 124 125 130 131 132 134 136 138 139 140 141 146 147 148 155 157 158 160 165 166 169 172 174 175 176 178 179 183 184 186 190 191 192 196 199 200 202 205 207 208 209 211 214 215 216 221 222 224 225 226 227 229 230 232 233 235 237 238 239 240 241 242 243 245 247 248 250 251 252 253 254 256 257 259 260 261 263 266 268 269 270 272 274 275 276 278 280 282 289 291 293 294 296 297 299 300 302 304 305 306 311 313 314 315 319 325 328 329 332 334 335 338 342 343 344 345 354 357 360 361 363 365 366 367 368 369 370 371 373 377 379 384 386 387 390 391 400 401 403 408 409 410 412 415 422 424 425 426 428 433 437 438 439 442 443 444 445 446 448 450 451 452 453 454 455 456 457 458 459 460 461 465 466 467 469 470 472 473 474 475 478 479 481 482 483 485 486 487 491 493 494 498 500 502 505 512 515 519 520 524 526 532 535 537 538 540 543 544 546 547 549 550 552 553 554 555 558 560 562 567 569 570 573 575 577 578 579 583 586 587 588 591 592 593 595 600 601 603 606 607 612 613 614 615 616 618 619 620 621 625 626 630 633 641 644 645 646 647 652 653 654 655 656 661 662 664 665 668 669 670 671 672 673 674 675 676 677 679 680 682 683 687 691 692 702 703 704 705 707 711 712 716 717 718 719 723 725 729 731 735 736 739 740 742 743 747 749 751 752 755 756 762 764 767 768 769 770 772 782 783 786 792 794 800 803 804 805 806 807 811 813 815 821 822 823 826 827 828 831 832 834 835 840 841 844 846 847 848 849 850 851 852 853 857 858 860 861 862 865 866 868 869 870 871 872 876 878 879 880 881 882 884 887 888 890 892 896 899 901 902 903 904 905 907 911 912 914 915 917 918 920 921 922 923 926 928 931 932 934 937 939 941 943 945 946 949 950 952 954 955 956 957 959 966 967 968 971 974 976 978 981 982 983 984 985 986 988 990 992 994 995 998 999
interaction,noIntPen,1000,2-0.5-M,1,56481,500,0 1 3 4 6 8 9 13 14 15 16 20 21 22 23 25 26 27 32 33 35 36 37 38 42 43 48 50 53 54 55 56 58 60 61 63 65 68 69 70 73 74 75 79 83 85 86 88 91 92 94 97 99 100 101 103 105 108 110 111 112 113 116 117 122 123 124 126 129 131 132 133 134 135 141 142 143 144 145 148 150 151 152 153 156 159 160 163 165 167 168 169 170 171 174 175 176 177 178 179 182 184 185 187 190 191 192 193 195 196 198 200 201 202 204 206 208 209 211 213 214 215 220 224 225 226 229 234 235 237 238 239 243 244 252 256 262 263 264 265 266 267 269 270 271 272 276 278 280 284 286 288 294 295 297 299 301 302 303 304 307 312 313 315 321 322 325 326 327 329 330 331 332 333 335 336 339 341 342 344 347 350 351 352 354 356 358 359 360 363 365 366 371 374 375 377 378 380 381 383 388 389 390 392 393 395 398 400 406 407 408 409 411 416 417 419 422 424 425 426 427 429 431 432 434 435 438 440 441 442 443 446 448 450 453 454 455 459 462 463 464 465 467 468 469 470 472 474 475 476 478 479 481 482 483 484 488 489 493 495 496 499 501 502 503 504 506 507 508 509 510 511 512 515 516 518 522 523 524 525 533 539 540 542 543 544 546 547 548 550 551 552 555 557 558 559 561 565 566 568 572 573 576 580 581 582 584 585 587 589 592 593 597 598 602 603 609 612 614 615 617 619 621 622 623 624 627 628 629 632 633 636 637 638 639 643 646 647 650 653 655 656 657 660 661 665 668 671 672 673 677 680 682 683 684 687 689 691 692 694 696 698 699 700 701 702 707 708 710 711 713 714 722 724 730 733 737 738 739 741 742 745 746 750 751 753 755 756 757 760 762 764 765 767 770 771 782 785 788 790 794 795 797 798 800 801 802 803 805 810 812 813 814 815 816 822 823 824 825 829 830 832 833 834 837 840 841 845 847 848 849 850 851 852 853 857 860 862 863 864 865 866 868 871 872 873 876 878 879 880 881 884 886 888 890 893 894 895 896 899 900 904 906 907 912 914 915 916 919 921 923 926 927 931 932 936 937 938 941 942 947 950 951 952 953 956 957 958 960 961 963 976 981 982 986 989 990 991 993 994
interaction,noIntPen,1000,2-0.5-M,2,56279,500,0 1 3 4 6 8 13 14 15 16 20 21 22 23 25 26 27 32 33 34 35 36 37 38 42 48 53 54 55 56 57 58 60 61 63 65 68 69 70 73 74 75 77 78 79 81 83 85 86 88 91 92 93 94 97 99 100 101 103 105 108 110 111 112 113 116 117 122 123 124 128 129 131 133 134 135 141 142 143 144 148 151 152 153 156 158 159 160 163 164 165 167 168 169 170 171 174 175 176 177 178 179 182 184 185 187 190 191 192 193 194 195 196 198 200 201 202 204 206 208 209 211 213 214 215 216 220 224 225 226 229 232 233 234 235 237 238 239 244 251 252 253 256 262 263 264 265 266 267 268 269 270 271 272 276 280 281 284 286 288 294 297 299 301 302 303 307 308 312 313 315 321 325 326 327 329 330 331 332 333 335 336 339 342 344 347 351 352 354 355 356 358 359 360 363 365 368 371 372 374 375 377 378 380 381 383 388 390 392 393 395 398 399 400 408 409 411 416 417 419 422 424 425 426 427 431 432 434 435 436 438 440 442 443 446 449 450 453 454 455 459 462 463 464 465 466 467 468 469 470 472 474 475 476 477 478 479 481 482 483 484 489 490 492 493 495 496 497 498 499 501 502 503 504 505 506 507 508 510 511 512 515 516 518 522 523 524 525 533 539 542 543 544 546 547 548 550 551 552 555 557 558 559 561 568 572 573 580 581 582 584 587 589 592 593 597 598 602 603 610 612 614 615 617 619 620 621 622 623 624 627 628 629 633 637 638 639 641 642 643 644 646 647 649 650 653 655 656 657 659 660 661 664 668 671 672 673 677 680 682 683 684 687 689 691 692 694 696 698 699 701 702 707 708 711 713 714 719 722 724 733 736 737 738 739 741 745 750 751 753 755 756 757 758 760 762 763 764 765 767 770 771 781 782 785 790 794 795 796 797 798 800 801 802 803 805 812 814 815 816 822 823 825 829 832 833 834 840 841 843 844 845 847 848 850 851 852 853 857 860 862 863 864 866 870 871 872 873 876 878 879 880 881 884 886 889 890 893 894 895 896 899 900 904 906 907 908 914 919 921 923 927 931 932 936 937 938 941 942 947 950 951 952 953 956 957 958 959 960 961 966 976 981 982 986 987 989 990 991 994
interaction,noIntPen,1000,2-0.5-M,3,56294,500,0 1 3 4 6 10 13 14 15 16 20 21 22 23 25 26 32 33 35 36 37 38 40 42 43 48 53 54 55 56 57 58 60 61 63 65 68 69 70 73 74 75 79 81 83 85 86 88 91 92 94 97 99 100 101 103 105 107 108 110 111 112 113 116 117 122 123 124 126 129 131 133 135 141 142 143 144 145 148 151 152 153 156 158 159 160 163 165 166 167 168 169 170 171 174 175 176 177 178 179 182 184 185 187 190 192 193 195 196 198 200 201 202 204 206 208 211 213 214 216 224 225 226 229 234 235 237 238 239 244 248 251 252 253 256 262 263 264 265 266 267 268 269 270 271 272 275 276 280 281 284 285 286 288 290 294 297 299 301 302 303 307 312 313 315 321 322 325 326 327 329 330 331 332 333 335 336 339 341 342 347 350 351 352 354 356 358 359 360 363 365 368 371 372 374 375 377 378 380 381 383 388 389 392 393 395 398 400 408 409 416 417 419 422 424 425 426 427 429 431 432 434 435 438 440 441 442 443 446 450 453 454 455 459 462 463 465 466 467 468 469 470 472 474 475 476 478 479 481 482 483 484 485 487 488 489 490 492 493 496 499 501 502 504 506 507 508 509 510 511 512 515 516 518 522 523 524 525 529 533 536 539 540 542 543 544 546 547 548 550 552 555 557 558 559 561 565 566 568 570 572 573 576 580 581 582 584 589 590 592 593 596 597 602 603 609 610 612 614 615 617 619 620 621 622 623 624 627 628 629 633 637 638 639 642 643 644 646 647 650 653 655 656 657 659 660 661 663 664 665 668 671 672 673 677 680 682 684 687 689 691 692 694 696 698 699 700 701 702 706 708 711 713 714 719 721 722 724 730 733 738 741 742 745 746 750 751 752 753 755 757 758 760 762 763 764 765 767 770 771 781 782 785 790 795 796 797 798 800 801 802 803 805 810 812 814 815 816 823 824 825 829 830 832 833 834 835 840 841 843 844 845 847 848 850 851 852 853 857 860 862 863 864 865 866 871 872 873 876 878 879 880 881 884 886 890 894 895 896 899 900 904 906 907 914 915 916 919 921 923 927 928 931 935 936 937 938 941 942 950 951 952 953 956 957 960 961 963 966 971 975 976 977 981 982 983 986 989 991 994
interaction,noIntPen,1000,6-0.75-P,1,349316,751,0 1 3 5 6 8 10 11 13 14 15 16 17 19 22 23 24 25 26 27 28 30 31 33 34 35 38 39 40 41 43 44 45 47 49 50 51 52 54 55 56 57 58 60 62 63 64 65 66 67 68 69 70 72 73 74 75 77 78 80 82 83 84 85 86 87 89 90 92 93 94 95 97 98 100 101 102 103 104 105 106 107 108 110 111 112 114 115 116 117 118 119 121 122 124 126 127 128 129 130 131 134 135 137 138 139 141 142 144 145 146 148 149 151 152 153 154 155 156 160 163 164 165 166 168 169 170 171 172 174 175 176 177 178 180 181 182 183 186 187 188 189 190 191 193 195 196 200 201 205 206 209 210 211 213 215 216 218 220 221 222 223 225 226 227 228 231 233 234 235 236 237 239 240 241 244 245 246 248 249 250 251 254 255 256 257 258 259 262 263 265 266 267 268 269 270 271 272 273 275 276 277 278 280 281 282 284 285 286 287 288 289 290 291 292 293 294 295 296 297 298 299 300 301 302 303 304 306 307 308 309 311 313 314 315 316 317 318 319 321 322 323 324 325 326 327 328 329 330 331 332 333 334 335 336 337 339 340 341 342 343 344 345 346 348 352 353 354 356 357 358 359 360 361 363 365 366 367 368 370 371 372 373 374 375 377 378 379 383 386 387 388 389 390 391 392 393 395 397 398 399 401 402 403 405 406 407 408 409 411 412 413 414 416 417 419 420 421 422 423 425 426 427 428 431 432 433 434 435 436 438 439 440 441 443 444 445 446 447 448 449 450 451 453 454 455 456 459 461 462 463 464 465 466 467 468 469 470 471 473 474 475 476 481 482 484 485 486 487 490 491 492 493 494 497 498 499 500 501 502 503 504 506 509 511 512 513 514 515 516 519 520 521 522 523 524 526 527 528 530 531 532 533 534 535 537 538 539 540 541 542 543 544 545 546 547 548 549 552 553 554 555 557 560 561 562 565 566 567 570 571 573 574 575 576 577 578 580 584 585 586 588 593 594 596 598 599 600 602 603 604 605 606 607 608 609 610 611 613 614 616 617 618 619 620 621 623 624 627 628 630 631 632 633 634 636 637 638 640 641 644 645 646 648 649 651 652 653 655 656 658 659 660 661 663 665 666 667 669 670 671 673 674 675 676 677 681 682 683 684 685 687 688 689 690 691 692 693 694 695 696 697 699 701 702 703 705 706 708 709 711 712 713 714 715 716 720 722 723 724 725 726 728 730 731 732 733 734 735 738 740 741 742 743 744 745 746 747 748 749 750 752 754 755 756 757 759 760 762 763 764 766 767 768 769 770 772 773 774 775 776 777 778 779 781 782 783 784 786 787 788 789 790 792 793 794 795 796 797 799 800 801 802 803 804 805 806 807 810 811 812 813 814 815 817 818 821 822 824 825 826 827 828 829 830 831 832 833 834 836 837 838 839 840 842 843 844 845 846 847 848 849 850 851 853 854 855 858 859 860 862 863 864 865 866 871 874 875 876 878 879 880 881 884 885 887 888 890 891 892 893 894 895 898 900 901 903 908 909 910 911 913 916 917 918 921 922 923 924 925 926 927 928 929 930 931 932 933 935 936 938 939 940 942 943 944 945 947 949 950 951 952 953 955 956 958 959 960 961 962 963 965 966 967 968 969 970 971 972 973 974 975 977 978 979 980 981 982 983 984 985 986 987 989 991 992 994 995 996 997 999
interaction,noIntPen,1000,6-0.75-P,2,349544,752,0 1 3 4 5 6 8 10 11 13 14 15 16 17 19 20 21 23 24 25 26 27 28 29 30 31 33 34 35 38 39 40 41 42 43 44 45 47 49 50 51 52 54 55 57 58 60 62 63 65 66 67 68 69 70 72 73 74 75 77 78 79 80 82 83 84 85 86 87 89 90 92 93 94 95 97 98 100 101 102 103 104 105 106 107 108 110 111 112 114 115 116 118 119 121 122 124 126 127 128 129 130 131 133 134 135 137 138 139 141 142 144 145 146 149 151 152 153 155 156 160 163 164 165 166 167 171 172 174 175 176 177 178 180 181 182 183 186 187 188 189 191 192 193 195 196 197 200 201 203 206 209 210 211 212 213 215 216 218 220 221 222 223 225 226 227 228 230 231 233 234 235 236 237 239 240 241 244 245 248 249 250 251 254 257 258 259 260 261 262 263 265 266 267 268 269 270 271 272 273 275 276 277 278 280 281 282 284 285 286 287 288 289 290 291 292 293 294 295 296 297 298 299 300 301 302 303 304 305 307 308 309 310 311 313 314 315 316 317 319 320 321 322 323 324 326 327 328 329 330 331 332 333 334 335 336 337 338 339 340 341 342 343 344 345 346 348 353 354 356 357 358 359 360 361 363 365 366 367 368 369 370 371 372 373 374 375 377 378 379 382 383 385 386 388 389 390 391 392 393 397 398 399 401 402 403 405 406 408 409 411 412 413 414 415 416 417 419 420 421 422 423 425 426 427 428 431 433 434 435 436 438 439 440 441 443 444 445 446 447 448 449 450 451 453 454 455 456 459 460 461 462 463 465 466 467 468 469 470 471 472 473 474 475 481 484 485 486 487 488 489 490 491 493 494 497 498 499 500 502 503 504 505 506 508 509 510 512 513 514 515 516 519 520 521 522 523 524 526 527 528 529 530 531 532 533 535 537 538 539 540 541 542 544 545 546 547 548 549 552 553 554 555 557 558 560 561 562 564 565 567 568 569 570 571 572 573 574 575 576 577 578 584 585 586 588 593 594 599 600 601 602 603 604 605 606 608 609 610 611 613 614 616 617 618 619 620 621 623 624 627 628 630 631 632 633 634 636 637 638 639 640 641 642 644 645 646 648 649 651 652 653 655 656 658 659 660 661 662 663 665 666 667 668 669 670 671 673 675 676 677 678 679 681 682 684 685 687 688 689 690 691 692 693 694 695 696 697 699 700 701 705 706 707 708 709 711 712 713 714 715 716 717 718 720 722 723 724 725 726 728 730 733 734 735 739 740 741 742 743 745 746 747 748 749 750 751 752 754 755 756 757 759 760 762 763 764 766 767 768 769 770 772 773 774 775 776 777 778 779 781 782 783 784 786 787 788 789 790 793 794 795 796 797 798 799 800 801 802 803 804 805 806 807 808 809 810 811 812 813 814 815 817 818 822 824 825 826 827 828 829 830 831 832 834 836 837 838 839 840 842 843 844 845 846 847 848 849 850 853 854 855 857 858 859 860 862 863 864 865 866 868 871 874 875 877 878 879 880 881 885 887 888 890 891 892 893 894 895 898 900 901 903 904 905 908 909 910 911 913 916 917 918 921 922 923 925 926 927 929 930 931 932 933 935 936 938 940 942 943 944 945 946 947 948 949 950 951 952 953 955 956 957 958 959 960 961 962 963 965 967 968 969 970 971 972 973 974 975 977 978 979 980 982 983 984 986 989 991 992 997 999
interaction,noIntPen,1000,6-0.75-P,3,349351,751,0 1 3 4 5 6 8 10 11 13 14 15 16 17 19 20 21 23 24 25 26 27 28 30 31 34 35 36 38 39 40 41 42 44 45 46 47 49 50 52 54 55 56 57 58 60 62 63 64 65 66 67 68 69 70 72 73 74 75 77 78 80 82 83 84 85 86 87 89 90 92 93 94 95 97 98 100 101 102 103 104 105 106 107 108 110 111 112 114 115 116 118 119 121 122 123 124 126 127 128 129 130 131 133 134 135 137 138 139 141 142 144 145 146 147 149 150 151 152 153 156 160 163 164 165 166 169 170 171 172 174 175 176 177 178 180 181 182 183 186 187 188 189 190 191 192 193 195 196 200 201 203 206 209 210 211 213 215 216 218 220 221 222 223 225 226 227 230 231 233 234 235 236 237 239 240 241 244 245 248 249 250 251 253 254 256 257 258 259 262 263 265 266 267 268 269 270 271 272 275 276 277 278 280 281 282 284 285 286 287 288 289 290 291 292 293 294 295 296 297 298 299 300 301 302 303 304 305 307 308 309 311 313 314 315 316 317 318 319 320 321 322 324 326 327 328 329 330 331 332 333 334 335 336 337 339 340 341 342 343 345 346 348 353 354 356 357 358 359 360 361 363 364 365 366 367 368 369 370 371 372 373 374 375 377 378 379 382 383 386 387 388 389 390 391 392 393 395 397 398 399 400 401 402 403 405 406 408 409 411 412 413 414 416 417 419 420 421 422 423 425 426 427 428 430 431 433 434 435 436 438 439 440 441 443 444 445 446 447 448 449 450 451 453 454 456 459 461 462 463 465 466 467 468 469 470 471 472 473 474 481 482 483 484 485 486 487 490 491 493 494 495 496 497 498 500 501 502 503 504 506 509 510 512 513 514 515 516 519 520 521 522 523 524 526 527 528 530 531 532 533 535 537 538 539 540 541 542 544 545 546 547 548 549 552 554 555 557 558 560 561 562 565 566 568 569 570 571 572 573 574 575 576 577 578 579 580 584 585 586 588 593 594 597 599 600 601 602 603 604 605 606 608 609 610 611 613 614 616 617 619 620 621 623 624 627 628 630 631 632 633 634 637 638 639 640 641 642 644 645 646 648 649 651 652 653 655 656 658 659 660 661 662 663 665 666 667 669 670 671 673 674 675 676 677 678 679 680 681 682 684 685 686 687 688 689 690 691 692 693 694 695 696 697 699 700 701 705 706 708 709 711 712 713 714 715 720 722 723 724 725 726 728 730 731 732 734 735 738 740 741 743 745 746 747 748 749 750 751 752 753 754 755 756 757 759 760 762 763 764 766 767 768 769 770 772 773 774 775 776 777 778 779 781 782 783 784 786 787 788 790 792 793 794 795 796 797 798 799 800 801 802 803 804 805 806 807 809 810 811 812 814 815 817 818 819 821 822 824 825 826 827 828 829 830 831 832 834 836 837 838 839 840 842 843 844 845 846 847 848 849 850 853 854 855 857 858 859 860 862 863 864 865 866 868 871 872 874 875 878 879 880 881 884 885 887 888 890 891 892 893 894 895 896 897 898 900 901 903 907 908 909 910 911 913 916 917 918 921 922 923 924 925 926 927 928 929 930 931 932 933 935 936 938 940 942 943 944 945 946 947 949 950 951 952 953 955 956 957 958 959 960 961 962 963 964 965 966 967 968 969 970 971 972 973 974 975 977 978 979 980 982 983 984 986 989 991 992 995 997 999
interaction,noIntPen,1000,3-0.75-M,1,36873,748,0 3 4 5 7 8 9 10 13 14 15 16 18 20 21 22 23 24 25 27 28 29 30 31 32 39 41 42 43 44 45 46 49 50 52 54 55 56 59 61 62 64 65 67 68 70 72 75 78 79 80 81 82 83 86 87 88 89 91 92 93 94 95 97 98 99 100 101 102 103 104 105 106 109 112 113 114 115 116 118 119 120 121 122 123 126 127 128 129 131 132 135 136 137 139 143 145 147 148 149 150 152 153 154 155 156 157 158 159 160 162 163 164 166 168 169 170 171 172 173 174 175 177 178 179 180 181 182 183 185 187 188 189 190 192 193 194 196 197 198 199 200 201 202 203 204 205 207 208 209 213 214 215 218 220 221 222 223 224 225 226 227 228 229 231 232 233 234 235 239 240 241 243 245 246 247 248 249 250 253 254 255 256 257 258 261 262 263 264 265 266 267 268 269 270 272 273 274 275 277 278 279 280 281 282 283 284 285 287 289 290 291 292 293 294 295 296 298 299 302 303 304 305 306 307 308 310 311 312 313 314 315 317 319 320 323 324 326 328 329 330 331 332 333 334 335 337 339 341 342 343 344 345 346 347 349 350 351 352 354 357 358 361 363 366 367 368 369 371 372 373 374 375 377 378 379 380 381 382 384 385 388 389 390 391 392 393 394 395 396 398 399 400 401 402 403 406 407 408 409 410 411 413 414 415 417 419 421 422 423 426 429 431 432 433 435 436 438 439 440 442 444 445 446 449 450 451 452 453 454 455 456 457 459 460 461 465 466 468 469 470 471 474 475 477 479 480 481 483 484 485 486 487 488 489 490 491 492 493 494 495 496 497 499 500 501 502 503 504 505 506 507 508 509 510 511 512 513 514 515 516 517 521 523 524 525 526 527 528 529 531 533 534 536 537 538 539 540 543 544 545 546 547 548 549 552 553 554 555 556 557 558 559 561 562 563 564 565 566 567 568 569 570 571 573 574 575 576 577 578 579 580 581 583 584 585 587 590 591 592 593 595 598 599 600 602 604 607 608 609 610 611 613 614 615 617 618 620 621 622 624 625 627 628 629 630 631 632 633 634 635 636 637 638 639 641 644 645 648 649 650 651 652 653 654 655 656 657 658 660 662 663 664 665 666 667 668 669 670 671 672 673 675 676 677 678 679 680 681 682 683 684 687 688 689 690 691 692 694 695 696 697 700 701 702 703 706 709 710 711 714 715 716 717 718 721 722 724 726 727 728 729 730 731 733 734 735 736 737 739 740 741 742 743 744 745 746 747 748 749 750 751 752 753 755 757 758 759 760 761 764 765 766 767 769 770 771 772 773 774 775 776 777 778 780 781 783 784 785 786 787 788 789 790 791 792 793 794 796 798 799 801 802 804 805 808 809 810 812 814 815 816 817 818 820 821 822 824 825 826 827 828 829 830 831 832 833 834 836 837 839 840 841 842 843 844 845 846 847 848 850 851 852 855 856 857 858 859 860 861 862 864 865 866 867 868 870 871 873 874 875 876 877 878 880 882 884 885 887 888 889 890 891 896 898 900 901 903 904 906 907 908 912 913 914 915 917 918 920 921 922 923 924 925 928 929 932 933 934 936 937 939 940 941 942 943 945 946 947 948 949 950 952 953 954 955 957 958 960 961 962 963 964 965 966 968 969 972 975 977 978 979 980 981 982 983 984 985 986 987 988 990 991 992 993 995 997 999
interaction,noIntPen,1000,3-0.75-M,2,36629,749,0 2 3 4 5 6 7 8 10 13 14 15 16 17 18 20 21 22 23 24 25 27 28 29 30 31 32 39 41 42 43 44 45 46 48 49 50 51 52 54 55 56 58 59 61 62 63 64 66 67 68 70 72 75 78 79 80 81 82 83 84 86 87 88 91 92 93 94 95 97 98 99 100 101 102 103 104 105 106 107 109 111 112 113 114 115 116 118 119 120 121 122 126 127 128 129 131 132 135 136 137 139 143 145 147 148 150 152 153 154 155 156 158 159 160 162 163 164 166 168 169 170 171 172 173 174 175 177 178 179 180 181 182 183 184 185 186 187 188 190 191 192 194 197 198 199 200 201 202 203 204 205 207 209 213 214 215 218 219 220 221 222 224 225 226 227 228 229 231 232 233 234 235 236 237 239 240 241 243 245 246 247 248 250 252 253 254 255 256 257 258 260 261 262 263 264 265 266 267 268 269 270 273 274 275 277 278 279 280 281 282 283 284 285 287 289 290 293 294 295 296 298 299 300 303 304 305 306 307 308 310 311 312 313 315 317 319 320 323 324 328 329 330 331 333 334 335 337 338 339 342 343 344 345 347 349 350 351 352 354 357 358 360 361 363 365 366 367 368 371 372 373 374 375 377 378 379 380 381 382 384 385 386 388 389 390 391 392 393 394 395 396 398 399 400 401 402 403 406 407 408 409 410 411 412 413 414 415 417 419 420 421 422 423 426 429 431 432 435 436 438 439 440 442 443 444 445 446 449 450 451 452 453 454 455 456 457 459 461 467 468 469 470 471 474 475 477 479 480 481 483 484 485 486 487 488 489 490 491 492 493 494 495 496 497 500 501 502 503 504 506 507 508 509 510 511 512 513 514 515 516 517 518 521 523 524 525 526 528 530 531 533 534 536 537 538 539 540 541 543 544 545 546 547 548 549 552 553 554 555 556 557 559 561 562 563 564 565 566 567 568 569 570 571 574 575 576 577 578 579 580 581 583 584 585 587 590 591 592 593 595 596 597 598 599 600 601 602 604 606 607 608 609 610 611 612 613 614 615 616 617 618 620 622 624 625 626 627 628 629 630 631 632 633 634 635 636 637 641 642 643 644 648 650 651 652 653 654 655 656 657 658 660 661 662 663 665 666 667 668 669 670 671 672 673 675 676 677 678 679 680 681 683 684 687 688 689 690 691 692 693 694 695 696 697 699 700 701 702 703 705 706 709 710 715 716 717 718 719 721 722 724 726 727 728 729 730 731 733 734 735 736 737 739 740 741 742 743 744 745 746 747 748 749 750 751 752 753 754 755 756 757 758 759 760 761 762 764 765 766 767 769 770 771 772 773 774 775 776 777 778 779 780 781 782 783 784 786 787 788 789 790 791 792 793 794 796 798 799 801 802 804 805 809 812 814 815 816 818 820 821 822 824 825 826 827 828 829 830 831 832 833 834 836 837 838 839 840 841 842 843 844 845 846 847 848 850 851 855 856 857 858 859 860 861 862 864 865 866 867 868 870 871 873 874 876 877 878 880 882 884 885 887 890 891 896 898 900 901 903 906 907 908 912 913 914 915 916 917 918 920 921 922 923 924 925 927 928 929 932 933 934 936 937 939 940 941 942 945 946 947 948 949 952 953 954 955 956 957 958 960 961 963 964 965 966 967 972 975 977 978 979 980 981 982 983 984 985 986 987 990 991 992 993 995 996 997 998 999
interaction,noIntPen,1000,3-0.75-M,3,36755,749,0 3 4 5 6 7 8 10 13 14 15 16 17 18 20 21 22 23 24 25 26 27 28 29 30 31 32 37 38 39 41 42 43 44 45 46 49 50 52 54 55 56 58 61 62 64 67 68 70 71 72 75 77 78 79 81 82 83 84 86 87 88 92 93 94 95 98 99 100 101 102 103 104 105 106 107 108 112 113 114 115 116 117 118 120 121 122 123 126 127 129 131 132 135 136 137 139 141 143 145 147 148 150 152 153 154 155 157 158 159 160 162 163 164 165 166 167 168 169 170 171 172 173 174 175 177 178 179 180 181 182 183 185 186 187 188 190 192 194 197 198 199 200 201 202 203 204 205 207 209 213 214 218 220 221 222 223 225 226 227 228 229 231 232 233 234 235 236 237 239 240 241 243 245 246 247 248 250 253 254 255 256 257 258 260 261 262 264 265 267 268 269 270 273 274 275 277 278 279 280 281 282 283 284 285 287 289 290 291 293 294 295 296 298 299 302 303 304 305 306 307 308 310 311 312 313 314 315 317 319 320 324 328 329 330 331 332 333 334 337 338 339 341 342 343 344 345 347 348 349 350 351 352 354 355 357 358 360 361 362 363 364 365 366 367 368 369 371 372 373 374 375 377 378 379 380 381 382 384 385 386 388 389 390 391 392 393 394 395 396 398 399 400 401 402 403 405 406 407 408 409 410 411 412 413 414 415 417 419 420 421 422 423 426 429 430 431 432 433 435 436 438 439 440 442 444 445 446 447 450 451 452 453 454 455 456 457 459 461 465 467 468 469 470 471 474 475 477 478 479 480 481 482 483 484 485 486 488 489 490 491 492 493 494 495 496 497 501 502 503 504 505 506 507 508 509 510 511 512 513 514 515 516 517 518 521 523 524 525 526 528 531 533 534 536 537 538 539 540 543 545 546 547 548 552 553 554 555 556 557 559 561 562 563 564 565 566 567 568 569 570 571 573 574 575 576 577 578 579 580 581 583 584 585 587 590 591 592 593 595 597 598 599 600 602 604 607 608 609 610 611 613 614 615 616 617 619 620 622 624 625 626 627 628 629 631 632 633 634 635 636 637 639 641 643 644 645 648 649 650 651 652 653 654 655 656 657 658 660 662 663 665 666 667 668 669 670 671 672 673 675 676 677 678 679 680 681 683 684 687 688 689 690 691 692 694 695 696 697 700 701 702 703 705 706 709 710 715 716 717 718 719 721 722 724 726 727 728 729 731 733 734 735 736 737 739 740 741 742 743 744 745 746 748 749 750 751 752 753 755 757 758 759 760 761 762 764 765 766 767 769 770 771 772 773 774 775 776 777 778 779 780 781 782 783 784 785 786 787 788 789 790 791 792 793 794 796 798 799 801 802 804 805 808 809 810 812 814 815 816 818 820 821 822 824 825 826 827 828 829 830 831 832 833 834 836 837 838 839 840 841 842 843 844 845 846 847 848 850 851 855 856 857 858 859 860 861 862 864 865 866 867 868 870 871 873 874 875 876 877 878 880 882 884 885 886 887 888 890 891 894 896 898 900 901 903 906 907 908 909 910 912 913 914 915 916 917 918 920 921 922 923 924 928 929 932 933 934 936 937 939 941 942 943 944 945 946 947 948 949 950 951 952 953 954 955 957 958 960 961 962 963 964 965 966 967 970 972 974 975 977 978 979 980 981 983 984 985 986 987 990 991 992 993 995 996 997 998 999
