instance,seed,time_s,record,feasible_share,feasible_share_intensifiers,feasible_share_explorers,lambda_p25_intensifiers,lambda_median_intensifiers,lambda_p75_intensifiers,lambda_p25_explorers,lambda_median_explorers,lambda_p75_explorers,distinct_selections,mean_hamming_distance,iterations,restarts,restarts_intensifiers,restarts_explorers,restarts_from_best,moves_above_record,improvements_above_record
4-0.25-P,1,5.019,136304,0.4643,0.4286,0.5714,3.9874,5.0545,6.1159,3.7975,4.5950,6.1159,84,166.755,425880,0,0,0,0,4284,25
4-0.25-P,1,10.028,136706,0.4524,0.4127,0.5714,3.7975,5.0545,6.4217,3.7975,5.0545,6.7275,84,167.326,831012,32,26,6,26,17451,31
4-0.25-P,1,15.003,136797,0.3810,0.3016,0.6190,4.1772,5.0545,6.4217,4.1772,5.0545,6.1159,84,160.456,1234128,84,68,16,68,49761,35
4-0.25-P,1,20.014,136813,0.4048,0.4127,0.3810,4.1772,5.0545,6.1159,3.7975,4.5950,5.5599,84,159.379,1639260,152,123,29,123,116439,36
4-0.25-P,1,25.023,137023,0.4048,0.3810,0.4762,3.7975,4.5950,5.7335,3.7975,5.0545,6.1159,84,154.806,2043384,228,179,49,179,169435,39
4-0.25-P,1,30.002,137023,0.3810,0.3968,0.3333,3.7975,4.1773,5.5599,4.1773,5.0545,5.5599,84,157.460,2446332,306,239,67,239,260599,39
4-0.25-P,1,35.028,137041,0.3810,0.3651,0.4286,3.7975,4.5950,5.5599,4.5950,5.0545,5.5599,79,156.799,2852220,384,299,85,299,330248,41
4-0.25-P,1,40.006,137118,0.3452,0.3651,0.2857,3.9874,5.0545,6.6126,4.1772,5.0545,5.5599,84,162.541,3254748,463,359,104,359,388535,43
4-0.25-P,1,45.014,137118,0.4881,0.4762,0.5238,4.1773,5.0545,6.1159,3.4523,5.0545,6.7275,84,164.561,3660300,541,420,121,420,451661,43
4-0.25-P,1,50.024,137118,0.3095,0.2857,0.3810,4.1772,5.0545,6.7275,3.7975,5.0545,6.7275,83,152.270,4065936,619,481,138,481,534679,43
4-0.25-P,1,55.000,137118,0.4762,0.4286,0.6190,4.5950,5.0545,6.7275,4.1772,5.0545,6.1159,84,159.489,4469304,696,539,157,539,618999,43
4-0.25-P,1,60.000,137118,0.4643,0.4286,0.5714,4.1773,5.0545,6.1159,4.1772,4.5950,5.5599,81,166.025,4872924,778,601,177,601,699021,43
4-0.25-P,1,65.014,137118,0.3929,0.3968,0.3810,3.7975,4.5950,6.1159,4.5950,5.0545,6.1159,82,161.097,5279484,855,662,193,662,792534,43
4-0.25-P,1,70.029,137133,0.3929,0.3492,0.5238,3.7975,5.0545,5.5599,3.7975,4.5950,5.0545,84,158.601,5685876,932,720,212,720,850447,44
4-0.25-P,1,75.012,137133,0.4048,0.3968,0.4286,4.1773,5.0545,6.1159,4.1772,5.0545,6.1159,83,154.422,6089076,1012,781,231,781,945677,44
4-0.25-P,1,80.018,137133,0.4286,0.3651,0.6190,4.1772,5.0545,6.6126,4.5950,5.0545,6.1159,84,162.196,6495132,1094,843,251,843,1017372,44
4-0.25-P,1,85.028,137133,0.3929,0.3651,0.4762,4.1772,5.0545,5.5599,4.5950,5.0545,5.5599,84,154.260,6900264,1174,904,270,904,1104331,44
4-0.25-P,1,90.002,137133,0.3810,0.3492,0.4762,3.7975,5.0545,6.0115,3.7975,5.0545,6.1159,84,159.929,7302624,1255,966,289,966,1212308,44
4-0.25-P,1,95.022,137133,0.4643,0.4603,0.4762,4.1772,5.0545,6.4217,4.1772,5.0545,5.0545,84,157.145,7704396,1333,1025,308,1025,1286911,44
4-0.25-P,1,100.003,137133,0.3810,0.3810,0.3810,4.1772,5.0545,6.1159,4.5950,5.5599,6.1159,84,162.319,8108352,1412,1084,328,1084,1368891,44
4-0.25-P,1,105.017,137133,0.3571,0.3333,0.4286,4.1772,5.0545,6.4217,3.7975,4.5950,6.1159,84,157.483,8514492,1495,1147,348,1147,1448839,44
4-0.25-P,1,110.006,137133,0.4167,0.4127,0.4286,4.1772,5.0545,5.5599,3.7975,5.0545,5.5599,84,164.691,8919036,1576,1208,368,1208,1527310,44
4-0.25-P,1,115.000,137133,0.3929,0.3810,0.4286,4.1772,5.0545,6.1159,4.5950,5.0545,6.1159,84,159.893,9322572,1654,1268,386,1268,1587452,44
4-0.25-P,1,120.005,137133,0.3810,0.3651,0.4286,3.9874,4.5950,5.5599,4.1772,4.5950,6.7275,84,157.248,9727116,1732,1327,405,1327,1653791,44
4-0.25-P,1,125.014,137133,0.4881,0.4444,0.6190,4.1772,4.5950,6.1159,4.1772,5.5599,6.7275,83,160.741,10132080,1812,1387,425,1387,1719113,44
4-0.25-P,1,130.002,137133,0.4643,0.4444,0.5238,3.7975,4.5950,6.1159,3.7975,4.5950,5.5599,84,163.248,10537380,1896,1450,446,1450,1785294,44
4-0.25-P,1,135.020,137133,0.4524,0.4286,0.5238,3.7975,5.0545,6.1159,4.1772,4.5950,6.1159,84,162.215,10944864,1975,1512,463,1512,1841437,44
4-0.25-P,1,140.006,137133,0.2976,0.2381,0.4762,4.1772,5.0545,6.1159,3.4523,3.7975,6.1159,84,158.754,11348652,2057,1575,482,1575,1922803,44
4-0.25-P,1,145.015,137133,0.4643,0.3651,0.7619,3.7975,4.5950,6.1159,4.1772,5.0545,6.7275,84,159.043,11753616,2137,1637,500,1637,2006610,44
4-0.25-P,1,150.004,137133,0.3929,0.3175,0.6190,3.7975,4.5950,6.1159,3.7975,4.1772,5.0545,84,155.299,12158496,2218,1698,520,1698,2082272,44
4-0.25-P,1,155.020,137133,0.4762,0.4127,0.6667,4.1772,5.0545,6.1159,3.7975,5.0545,6.1159,84,164.395,12565392,2296,1755,541,1755,2152900,44
4-0.25-P,1,160.008,137133,0.4524,0.4127,0.5714,4.1059,4.5950,6.7275,4.5950,5.0545,7.4002,84,159.152,12969936,2372,1815,557,1815,2217038,44
4-0.25-P,1,165.023,137133,0.3452,0.3175,0.4286,4.1772,5.0545,6.1159,4.5950,5.0545,6.7275,84,162.057,13377084,2453,1875,578,1875,2288297,44
4-0.25-P,1,170.007,137133,0.4167,0.3651,0.5714,4.1772,5.0545,6.4217,4.1772,5.0545,6.1159,83,156.118,13781376,2532,1935,597,1935,2369292,44
4-0.25-P,1,175.013,137133,0.4762,0.4286,0.6190,3.9160,5.0545,5.5599,3.4523,4.5950,6.1159,84,157.525,14187096,2610,1996,614,1996,2443548,44
4-0.25-P,1,180.008,137133,0.4405,0.4286,0.4762,3.7975,4.5950,5.5599,4.5950,5.0545,6.1159,84,159.440,14593320,2692,2058,634,2058,2514491,44
4-0.25-P,1,185.022,137133,0.4881,0.4762,0.5238,4.1772,5.0545,6.1159,4.1772,5.0545,5.5599,84,163.693,14999376,2771,2118,653,2118,2583757,44
4-0.25-P,1,190.010,137133,0.3214,0.3016,0.3810,3.7975,5.3700,6.1159,3.4523,4.5950,5.5599,84,161.526,15404424,2852,2178,674,2178,2651977,44
4-0.25-P,1,195.026,137133,0.2857,0.3175,0.1905,4.1772,5.0545,6.3068,5.0545,6.1159,6.7275,84,161.501,15811404,2932,2239,693,2239,2729393,44
4-0.25-P,1,200.006,137133,0.4286,0.4127,0.4762,4.1772,5.0545,6.7275,4.5950,5.0545,6.1159,84,161.118,16215276,3011,2300,711,2300,2807622,44
4-0.25-P,1,205.013,137133,0.4762,0.4603,0.5238,3.4523,4.5950,5.7335,4.1772,6.1159,6.7275,84,157.566,16621332,3090,2360,730,2360,2887069,44
4-0.25-P,1,210.001,137133,0.4524,0.4127,0.5714,3.7975,4.8818,5.5599,3.4523,4.1773,5.5599,84,160.162,17026044,3170,2419,751,2419,2959322,44
4-0.25-P,1,215.011,137133,0.3929,0.3968,0.3810,3.7975,5.0545,6.1159,3.4523,4.4380,6.1159,84,156.443,17430756,3253,2482,771,2482,3033614,44
4-0.25-P,1,220.017,137133,0.4524,0.3968,0.6190,4.1772,5.0545,6.7275,3.7975,5.0545,6.1159,84,168.055,17835468,3334,2543,791,2543,3093230,44
4-0.25-P,1,225.004,137133,0.5238,0.5079,0.5714,4.1773,5.0545,6.1159,4.1772,6.1159,6.7275,84,161.847,18239508,3413,2605,808,2605,3140057,44
4-0.25-P,1,230.014,137251,0.4405,0.3968,0.5714,4.1772,5.0545,6.4217,4.1772,5.0545,5.5599,84,163.490,18644976,3491,2663,828,2663,3181451,46
4-0.25-P,1,235.028,137251,0.2500,0.1905,0.4286,3.7975,4.5950,5.5599,4.1772,4.5950,6.1159,84,149.356,19051536,3571,2725,846,2725,3273925,46
4-0.25-P,1,240.005,137251,0.3333,0.3175,0.3810,3.7975,4.5950,5.5599,4.1772,4.5950,5.5599,83,161.480,19454820,3650,2784,866,2784,3379207,46
4-0.25-P,1,245.022,137251,0.4405,0.3968,0.5714,3.9874,5.0545,6.1159,3.7975,5.0545,5.5599,83,157.914,19862052,3732,2847,885,2847,3485247,46
4-0.25-P,1,250.006,137251,0.4167,0.3968,0.4762,4.1772,5.0545,6.1159,4.1772,5.0545,6.7275,82,159.299,20265504,3811,2908,903,2908,3580114,46
4-0.25-P,1,255.019,137251,0.5000,0.4762,0.5714,3.7975,5.0545,6.1159,4.1772,5.0545,5.5599,84,159.743,20671644,3891,2968,923,2968,3644075,46
4-0.25-P,1,260.003,137251,0.4167,0.3651,0.5714,3.7975,4.5950,5.5599,3.7975,5.0545,6.7275,83,159.236,21075936,3973,3029,944,3029,3717430,46
4-0.25-P,1,265.012,137251,0.4524,0.4286,0.5238,4.1772,5.0545,6.1159,4.5950,5.0545,6.7275,83,156.985,21481488,4053,3089,964,3089,3798591,46
4-0.25-P,1,270.002,137251,0.3571,0.3492,0.3810,4.1772,5.0545,6.1159,3.7975,5.0545,6.1159,84,161.909,21885696,4135,3151,984,3151,3888994,46
4-0.25-P,1,275.024,137251,0.4643,0.4127,0.6190,4.1772,5.0545,6.1159,4.1772,5.0545,6.1159,84,159.970,22293852,4214,3213,1001,3213,3984985,46
4-0.25-P,1,280.016,137251,0.4405,0.3492,0.7143,3.9874,5.0545,6.7275,3.6678,4.5950,5.0545,84,162.724,22700160,4297,3276,1021,3276,4049443,46
4-0.25-P,1,285.026,137251,0.4524,0.4762,0.3810,3.7975,5.0545,6.6126,4.5950,4.8818,5.5599,84,157.974,23106972,4379,3339,1040,3339,4117999,46
4-0.25-P,1,290.009,137251,0.4286,0.4127,0.4762,3.7975,5.0545,6.7275,3.4523,4.1772,5.5599,84,157.740,23510844,4460,3399,1061,3399,4199964,46
4-0.25-P,1,295.022,137251,0.4643,0.4444,0.5238,3.9874,5.0545,6.1159,4.1772,5.0545,5.5599,84,156.181,23917488,4539,3458,1081,3458,4292517,46
4-0.25-P,1,300.023,137251,0.5238,0.5397,0.4762,3.7975,5.0545,6.1159,3.7975,5.3700,7.4002,84,163.771,24322284,4618,3516,1102,3516,4342765,46
4-0.25-P,1,305.002,137251,0.3810,0.3492,0.4762,3.9874,4.5950,5.5599,3.7975,4.5950,5.5599,83,155.954,24725484,4696,3576,1120,3576,4399306,46
4-0.25-P,1,310.008,137251,0.4762,0.4762,0.4762,3.9874,5.0545,6.1159,3.7975,4.5950,6.1159,84,164.637,25131288,4778,3637,1141,3637,4464645,46
4-0.25-P,1,315.018,137251,0.4167,0.3968,0.4762,4.1772,5.0545,6.1159,4.1772,5.0545,6.1159,84,159.321,25537932,4858,3697,1161,3697,4527735,46
4-0.25-P,1,320.010,137251,0.3929,0.3968,0.3810,4.3076,5.5599,6.4217,4.1772,5.0545,6.1159,84,151.503,25943736,4939,3759,1180,3759,4622312,46
4-0.25-P,1,325.025,137251,0.4048,0.3333,0.6190,4.1772,4.5950,5.5599,4.1772,4.5950,5.5599,84,165.801,26350548,5020,3819,1201,3819,4692409,46
4-0.25-P,1,330.024,137251,0.3452,0.3175,0.4286,3.7975,5.0545,6.1159,3.7975,5.0545,6.1159,84,159.452,26755176,5099,3880,1219,3880,4760741,46
4-0.25-P,1,335.009,137373,0.4286,0.3968,0.5238,4.1772,5.0545,6.1159,3.7975,4.5950,6.1159,84,158.896,27159384,5173,3938,1235,3938,4796312,47
4-0.25-P,1,340.021,137373,0.3571,0.3175,0.4762,4.1772,5.0545,5.5599,3.7975,4.1772,6.7275,84,152.197,27564180,5255,3999,1256,3999,4895457,47
4-0.25-P,1,345.004,137373,0.3571,0.3016,0.5238,4.1772,5.0545,6.1159,4.5950,5.5599,6.7275,84,157.341,27968640,5335,4059,1276,4059,4992017,47
4-0.25-P,1,350.010,137373,0.4048,0.4127,0.3810,4.1772,5.0545,6.4217,4.1772,5.0545,5.5599,84,154.555,28374780,5414,4118,1296,4118,5104789,47
4-0.25-P,1,355.001,137373,0.3571,0.3492,0.3810,3.7975,4.5950,6.1159,3.7975,4.5950,5.5599,84,158.748,28779744,5498,4181,1317,4181,5172873,47
4-0.25-P,1,360.003,137373,0.4405,0.4286,0.4762,4.3861,5.0545,6.7275,4.1772,5.0545,6.7275,84,168.155,29182692,5578,4243,1335,4243,5235722,47
4-0.25-P,1,365.012,137373,0.4405,0.4286,0.4762,4.1059,5.0545,6.4217,3.4523,4.5950,6.1159,84,161.406,29588748,5658,4305,1353,4305,5298341,47
4-0.25-P,1,370.030,137373,0.3452,0.3333,0.3810,3.7975,4.5950,6.3068,3.7975,5.0545,6.7275,84,163.020,29995392,5739,4367,1372,4367,5360939,47
4-0.25-P,1,375.016,137373,0.3690,0.2857,0.6190,4.1772,5.0545,6.1159,3.7975,4.1772,5.5599,84,161.121,30400356,5818,4426,1392,4426,5441283,47
4-0.25-P,1,380.021,137373,0.4524,0.4603,0.4286,3.7975,5.0545,6.1159,3.7975,4.5950,6.1159,84,155.738,30805236,5896,4486,1410,4486,5523188,47
4-0.25-P,1,385.029,137373,0.3810,0.3492,0.4762,3.9874,4.5950,6.1159,4.5950,5.5599,6.7275,84,155.081,31210704,5979,4548,1431,4548,5617618,47
4-0.25-P,1,390.017,137373,0.4167,0.3651,0.5714,4.1772,5.0545,6.1159,3.4523,4.5950,4.5950,84,158.218,31614828,6061,4609,1452,4609,5689373,47
4-0.25-P,1,395.027,137373,0.3810,0.3492,0.4762,4.1059,4.5950,6.1159,4.1772,4.8818,5.5599,84,163.097,32020464,6141,4669,1472,4669,5743783,47
4-0.25-P,1,400.004,137373,0.4167,0.3968,0.4762,4.3076,5.0545,6.1159,4.1772,5.0545,5.5599,84,159.640,32424168,6220,4729,1491,4729,5790543,47
4-0.25-P,1,405.023,137373,0.4405,0.3968,0.5714,3.9874,4.5950,5.5599,4.5950,5.5599,6.1159,84,162.350,32831484,6302,4790,1512,4790,5842208,47
4-0.25-P,1,410.003,137373,0.3810,0.3492,0.4762,3.9874,5.0545,6.1159,4.1772,5.0545,7.4002,84,170.712,33234264,6384,4852,1532,4852,5891835,47
4-0.25-P,1,415.009,137373,0.3810,0.3492,0.4762,4.1772,5.0545,6.1159,4.5950,4.5950,6.1159,84,157.266,33638472,6461,4914,1547,4914,5955349,47
4-0.25-P,1,420.018,137373,0.4524,0.4444,0.4762,4.1772,5.0545,6.7275,4.1772,4.5950,5.5599,84,156.445,34045284,6544,4977,1567,4977,6029723,47
4-0.25-P,1,425.022,137373,0.3690,0.3333,0.4762,3.6249,4.5950,6.7275,3.7975,4.5950,5.5599,84,155.655,34450584,6628,5040,1588,5040,6107753,47
4-0.25-P,1,430.004,137373,0.3214,0.3333,0.2857,4.1772,5.0545,6.1159,4.0346,5.0545,6.1159,84,158.312,34853952,6709,5100,1609,5100,6178690,47
4-0.25-P,1,435.024,137373,0.5357,0.4921,0.6667,4.1773,5.0545,6.4217,3.4523,4.5950,7.4002,84,162.703,35261520,6788,5158,1630,5158,6242524,47
4-0.25-P,1,440.007,137373,0.4048,0.3651,0.5238,3.7975,4.5950,6.0115,4.1772,4.5950,5.0545,84,154.673,35665728,6865,5216,1649,5216,6312602,47
4-0.25-P,1,445.015,137373,0.5357,0.4762,0.7143,3.7975,4.5950,5.5599,5.0545,6.1159,6.7275,84,166.672,36071784,6943,5275,1668,5275,6383654,47
4-0.25-P,1,450.027,137373,0.4048,0.3651,0.5238,4.1772,5.0545,6.1159,3.7975,4.5950,5.5599,84,158.347,36478512,7025,5337,1688,5337,6441746,47
4-0.25-P,1,455.006,137373,0.4286,0.3810,0.5714,3.7975,4.8818,6.1159,3.7975,4.5950,5.5599,84,158.308,36881376,7104,5397,1707,5397,6531758,47
4-0.25-P,1,460.023,137373,0.3571,0.3016,0.5238,4.1772,4.5950,5.8379,4.5950,5.0545,6.1159,84,161.322,37288944,7184,5458,1726,5458,6596519,47
4-0.25-P,1,465.011,137373,0.3929,0.3016,0.6667,4.3076,5.0545,6.1159,3.4523,4.1772,5.0545,84,155.256,37692648,7262,5518,1744,5518,6665792,47
4-0.25-P,1,470.006,137373,0.3571,0.3968,0.2381,4.1772,5.0545,6.1159,3.7975,4.5950,6.1159,84,156.056,38096352,7340,5576,1764,5576,6731302,47
4-0.25-P,1,475.015,137373,0.3571,0.3333,0.4286,4.1773,5.0545,6.1159,4.5950,5.5599,6.7275,84,154.767,38502156,7424,5639,1785,5639,6819287,47
4-0.25-P,1,480.023,137373,0.3929,0.3810,0.4286,4.1772,5.0545,6.1159,4.1772,5.5599,6.7275,84,161.729,38907876,7506,5700,1806,5700,6881134,47
4-0.25-P,1,485.028,137373,0.4167,0.3810,0.5238,4.1772,5.0545,6.1159,4.5950,5.5599,6.1159,84,160.354,39313428,7584,5759,1825,5759,6936933,47
4-0.25-P,1,490.008,137373,0.3333,0.2540,0.5714,4.1772,5.0545,6.1159,4.1772,5.0545,6.7275,84,157.161,39716628,7664,5819,1845,5819,7025353,47
4-0.25-P,1,495.017,137373,0.4405,0.4127,0.5238,4.1773,4.5950,6.1159,4.5950,5.5599,6.1159,84,167.868,40121256,7747,5882,1865,5882,7085255,47
4-0.25-P,1,500.006,137373,0.4762,0.4286,0.6190,4.0346,5.5599,6.7275,3.7975,4.5950,5.0545,84,156.503,40524540,7826,5944,1882,5944,7149624,47
4-0.25-P,1,505.012,137373,0.3929,0.3016,0.6667,4.1059,4.5950,6.3068,4.1772,5.0545,5.5599,84,156.378,40930680,7907,6005,1902,6005,7232962,47
4-0.25-P,1,510.026,137373,0.3690,0.3810,0.3333,3.9160,4.5950,6.1159,4.1772,5.0545,7.4002,84,156.656,41336904,7987,6065,1922,6065,7319504,47
4-0.25-P,1,515.009,137373,0.3214,0.3333,0.2857,3.4523,4.1773,5.5599,4.5950,5.5599,6.1159,84,160.456,41740608,8069,6126,1943,6126,7395821,47
4-0.25-P,1,520.024,137373,0.4643,0.4286,0.5714,4.1772,5.5599,6.1159,3.4523,4.5950,7.4002,84,161.781,42147252,8149,6186,1963,6186,7464791,47
4-0.25-P,1,525.010,137373,0.4405,0.4127,0.5238,4.1772,5.0545,6.1159,3.7975,4.1772,5.3700,84,164.077,42552468,8232,6248,1984,6248,7517144,47
4-0.25-P,1,530.019,137373,0.4048,0.3968,0.4286,3.7327,4.5950,6.6126,3.7975,4.5950,5.5599,84,163.014,42958692,8311,6309,2002,6309,7573954,47
4-0.25-P,1,535.010,137373,0.4762,0.4444,0.5714,4.1772,4.5950,6.1159,3.4523,4.5950,6.1159,84,162.583,43364496,8391,6369,2022,6369,7639402,47
4-0.25-P,1,540.019,137373,0.4048,0.4286,0.3333,4.5950,5.0545,6.7275,3.7975,5.0545,5.9070,84,158.559,43770972,8471,6430,2041,6430,7699764,47
4-0.25-P,1,545.002,137373,0.3929,0.3492,0.5238,4.1772,5.0545,6.1159,4.1772,5.0545,6.1159,84,165.002,44174004,8552,6490,2062,6490,7766058,47
4-0.25-P,1,550.015,137373,0.3571,0.3333,0.4286,3.7975,4.5950,6.1159,3.4523,4.5950,5.5599,84,160.246,44580144,8633,6553,2080,6553,7851766,47
4-0.25-P,1,555.025,137373,0.4286,0.4444,0.3810,3.7975,4.5950,5.7335,3.7975,4.5950,5.5599,84,158.943,44986032,8714,6615,2099,6615,7918707,47
4-0.25-P,1,560.006,137373,0.4167,0.3492,0.6190,3.7975,4.5950,6.1159,3.6678,4.1772,5.5599,84,154.480,45389904,8798,6678,2120,6678,7982232,47
4-0.25-P,1,565.018,137373,0.4048,0.3333,0.6190,4.1772,4.8818,6.1159,3.7975,4.1772,5.0545,84,153.987,45795456,8881,6740,2141,6740,8075871,47
4-0.25-P,1,570.007,137373,0.4524,0.4286,0.5238,3.7975,4.5950,5.8379,3.7975,5.5599,7.1475,84,156.736,46200252,8962,6800,2162,6800,8171694,47
4-0.25-P,1,575.025,137373,0.4524,0.4127,0.5714,3.7975,5.0545,6.1159,3.7975,4.1772,6.7275,84,157.879,46607232,9040,6858,2182,6858,8242460,47
4-0.25-P,1,580.008,137373,0.4881,0.4127,0.7143,3.7975,5.0545,6.6126,3.7975,4.5950,5.0545,84,164.478,47011356,9118,6917,2201,6917,8289739,47
4-0.25-P,1,585.025,137373,0.3452,0.2857,0.5238,4.1059,5.0545,6.7275,3.7975,4.5950,5.0545,84,159.668,47419092,9196,6976,2220,6976,8370930,47
4-0.25-P,1,590.021,137373,0.2976,0.2857,0.3333,4.1772,4.8818,5.8379,4.1772,5.0545,6.1159,84,152.137,47822796,9274,7037,2237,7037,8462485,47
4-0.25-P,1,595.027,137373,0.4048,0.3810,0.4762,3.7975,5.0545,6.1159,4.1772,4.5950,6.7275,84,161.744,48228264,9356,7098,2258,7098,8530015,47
6-0.25-M,1,5.017,39572,0.5476,0.5397,0.5714,3.9874,4.5950,6.1159,3.4523,4.1772,5.0545,84,166.068,414456,0,0,0,0,4095,21
6-0.25-M,1,10.023,39761,0.4881,0.5873,0.1905,3.7975,5.0545,6.1159,4.1773,5.5599,6.7275,84,171.805,809844,42,33,9,33,35268,22
6-0.25-M,1,15.021,40028,0.3571,0.3333,0.4286,3.9874,5.5599,6.7275,4.5950,5.0545,6.1159,84,167.637,1204644,107,83,24,83,58113,24
6-0.25-M,1,20.025,40188,0.4048,0.3492,0.5714,3.7975,5.0545,6.1159,4.5950,5.5599,8.1403,84,171.601,1600788,175,137,38,137,113103,27
6-0.25-M,1,25.028,40188,0.3810,0.3333,0.5238,4.1772,5.0545,6.1159,4.1772,5.0545,6.1159,84,155.201,1996932,246,196,50,196,157400,27
6-0.25-M,1,30.029,40188,0.3452,0.3492,0.3333,3.7975,5.0545,6.1159,4.1772,5.5599,7.4002,84,155.873,2392992,321,253,68,253,272619,27
6-0.25-M,1,35.005,40188,0.3929,0.3651,0.4762,3.7975,5.5599,6.1159,4.1772,5.0545,6.1159,84,156.984,2787120,398,311,87,311,363962,27
6-0.25-M,1,40.005,40194,0.3810,0.3333,0.5238,4.1772,5.5599,6.7275,3.7975,4.5950,5.5599,84,161.644,3182592,478,371,107,371,446589,28
6-0.25-M,1,45.001,40196,0.3929,0.3810,0.4286,3.7975,4.5950,6.1159,4.1772,5.5599,6.7275,84,156.454,3578400,554,432,122,432,547701,29
6-0.25-M,1,50.015,40296,0.4048,0.3810,0.4762,4.3861,5.5599,6.1159,3.7975,5.0545,6.1159,84,161.616,3973536,625,483,142,483,598676,33
6-0.25-M,1,55.006,40296,0.3810,0.3175,0.5714,3.7975,4.5950,6.1159,3.7975,4.1773,6.1159,84,161.218,4366824,701,539,162,539,683123,33
6-0.25-M,1,60.021,40296,0.3690,0.3016,0.5714,3.9874,5.0545,5.5599,3.7975,4.5950,5.5599,84,155.873,4762632,775,597,178,597,781037,33
6-0.25-M,1,65.004,40296,0.3929,0.3968,0.3810,3.9874,4.5950,5.5599,3.7975,5.0545,6.1159,84,162.916,5156676,853,656,197,656,891288,33
6-0.25-M,1,70.011,40296,0.4048,0.3968,0.4286,3.7975,4.5950,5.5599,3.7975,4.5950,6.1159,84,167.304,5551812,933,718,215,718,956296,33
6-0.25-M,1,75.019,40296,0.4524,0.4762,0.3810,4.1772,5.0545,6.7275,4.1772,5.0545,6.1159,84,166.970,5947116,1010,778,232,778,1013709,33
6-0.25-M,1,80.002,40296,0.3214,0.3175,0.3333,4.1772,5.0545,6.1159,4.5950,5.5599,6.1159,84,166.299,6340404,1088,839,249,839,1072010,33
6-0.25-M,1,85.012,40296,0.4405,0.3651,0.6667,4.1772,5.0545,5.8379,3.7975,5.0545,6.7275,84,160.849,6737136,1166,898,268,898,1131081,33
6-0.25-M,1,90.025,40296,0.4405,0.3968,0.5714,4.5950,5.0545,7.4002,4.1772,4.5950,5.5599,84,169.046,7133700,1248,960,288,960,1189711,33
6-0.25-M,1,95.006,40296,0.3929,0.3651,0.4762,4.1772,5.0545,6.7275,4.5950,5.5599,5.5599,84,160.675,7527408,1328,1021,307,1021,1259155,33
6-0.25-M,1,100.016,40296,0.4643,0.4762,0.4286,4.1772,5.0545,6.1159,3.7975,5.5599,7.4003,84,166.176,7923216,1403,1077,326,1077,1326497,33
6-0.25-M,1,105.017,40296,0.3929,0.3651,0.4762,4.1772,5.0545,6.7275,4.1772,5.5599,6.7275,84,165.494,8319192,1482,1139,343,1139,1394320,33
6-0.25-M,1,110.021,40296,0.4405,0.3968,0.5714,4.1772,5.0545,6.1159,3.7975,5.0545,6.7275,84,169.618,8713404,1561,1199,362,1199,1452515,33
6-0.25-M,1,115.025,40296,0.4286,0.4286,0.4286,4.1773,5.0545,6.7275,4.5950,5.0545,6.1159,84,160.167,9109380,1636,1257,379,1257,1518465,33
6-0.25-M,1,120.023,40296,0.4048,0.3651,0.5238,4.1773,5.0545,6.7275,3.4523,4.5950,5.5599,84,160.746,9504012,1714,1315,399,1315,1587815,33
6-0.25-M,1,125.025,40296,0.4167,0.4286,0.3810,4.1772,5.0545,6.4217,4.1772,4.5950,5.0545,84,160.030,9899316,1792,1375,417,1375,1676392,33
6-0.25-M,1,130.002,40296,0.4286,0.4444,0.3810,4.1772,5.0545,6.7275,4.1772,5.5599,6.7275,84,165.439,10292604,1868,1433,435,1433,1727765,33
6-0.25-M,1,135.000,40296,0.3214,0.3333,0.2857,4.3861,5.0545,6.4217,3.7975,5.0545,6.1159,84,164.264,10687740,1943,1488,455,1488,1786520,33
6-0.25-M,1,140.007,40296,0.3571,0.3333,0.4286,4.1773,5.0545,6.1159,4.1772,5.0545,6.7275,84,158.823,11083716,2017,1544,473,1544,1876980,33
6-0.25-M,1,145.010,40296,0.4286,0.4444,0.3810,4.1772,5.0545,6.7275,4.1772,5.0545,6.7275,84,163.896,11479356,2097,1603,494,1603,1948127,33
6-0.25-M,1,150.015,40386,0.4405,0.4762,0.3333,3.7975,4.5950,6.1159,4.1772,4.5950,5.0545,84,163.277,11875248,2175,1662,513,1662,2000664,34
6-0.25-M,1,155.018,40386,0.4762,0.4444,0.5714,3.7975,4.5950,6.1159,4.1772,5.5599,5.5599,84,156.911,12271560,2257,1725,532,1725,2090824,34
6-0.25-M,1,160.025,40386,0.3571,0.3492,0.3810,4.1772,5.0545,6.1159,4.1772,5.0545,6.1159,84,164.851,12667788,2338,1785,553,1785,2176486,34
6-0.25-M,1,165.002,40386,0.4762,0.3968,0.7143,4.1772,5.0545,6.1159,4.1772,5.0545,6.7275,83,160.034,13061328,2416,1845,571,1845,2250909,34
6-0.25-M,1,170.006,40568,0.5000,0.4762,0.5714,3.9874,5.0545,6.1159,3.7975,5.0545,6.1159,84,170.595,13457892,2496,1904,592,1904,2304797,35
6-0.25-M,1,175.009,40568,0.3929,0.3333,0.5714,4.1772,5.0545,5.8379,4.1772,5.0545,6.7275,84,156.303,13854540,2573,1965,608,1965,2370331,35
6-0.25-M,1,180.016,40568,0.3214,0.2698,0.4762,4.1773,5.0545,6.1159,3.7975,4.5950,6.1159,84,160.751,14249676,2655,2027,628,2027,2491870,35
6-0.25-M,1,185.001,40568,0.3929,0.4286,0.2857,3.7975,4.5950,5.5599,3.7975,6.1159,6.7275,84,158.921,14643636,2729,2084,645,2084,2582988,35
6-0.25-M,1,190.008,40568,0.3690,0.3175,0.5238,3.4523,4.5950,6.1159,4.1772,4.5950,6.1159,84,162.437,15039276,2812,2146,666,2146,2663482,35
6-0.25-M,1,195.017,40568,0.3929,0.3968,0.3810,4.1772,5.0545,7.0639,4.5950,5.5599,6.7275,84,162.756,15434580,2889,2206,683,2206,2741759,35
6-0.25-M,1,200.020,40568,0.3929,0.3810,0.4286,3.7975,4.5950,6.1159,4.1772,5.0545,5.5599,84,159.150,15830892,2963,2262,701,2262,2816687,35
6-0.25-M,1,205.029,40568,0.4048,0.4127,0.3810,4.1772,5.0545,6.1159,3.7975,4.5950,6.7275,84,160.090,16226532,3042,2321,721,2321,2916577,35
6-0.25-M,1,210.008,40568,0.4643,0.4444,0.5238,4.1772,5.0545,5.8379,4.1772,5.5599,6.1159,84,159.551,16620240,3121,2382,739,2382,2972911,35
6-0.25-M,1,215.010,40568,0.3095,0.2540,0.4762,3.7975,4.5950,6.7275,4.1772,4.5950,6.1159,84,159.987,17016552,3199,2439,760,2439,3046572,35
6-0.25-M,1,220.010,40568,0.3690,0.3492,0.4286,4.5950,5.0545,6.4217,4.1772,5.5599,6.7275,84,163.315,17412948,3274,2494,780,2494,3134052,35
6-0.25-M,1,225.011,40568,0.4643,0.4762,0.4286,4.1772,4.5950,5.5599,4.1772,5.5599,7.4002,84,164.871,17809092,3346,2550,796,2550,3191814,35
6-0.25-M,1,230.014,40568,0.3452,0.3810,0.2381,3.7975,4.5950,5.5599,4.5950,6.1159,7.4002,84,163.312,18204480,3426,2610,816,2610,3247386,35
6-0.25-M,1,235.014,40568,0.4405,0.3968,0.5714,4.1772,5.0545,6.1159,4.1772,5.0545,6.1159,83,160.906,18599196,3505,2669,836,2669,3308461,35
6-0.25-M,1,240.019,40568,0.4048,0.3968,0.4286,3.9874,5.0545,6.1159,4.1772,4.5950,5.5599,84,163.336,18995508,3586,2732,854,2732,3367785,35
6-0.25-M,1,245.025,40568,0.3214,0.2540,0.5238,4.1772,5.0545,6.1159,4.1772,5.0545,6.1159,84,168.749,19391904,3666,2792,874,2792,3443878,35
6-0.25-M,1,250.004,40568,0.4048,0.3492,0.5714,3.9874,5.5599,6.7275,4.5950,5.0545,6.1159,84,160.517,19785612,3744,2852,892,2852,3515681,35
6-0.25-M,1,255.008,40568,0.4643,0.4286,0.5714,3.9874,5.0545,6.1159,3.7975,5.0545,6.7275,84,171.158,20181672,3823,2912,911,2912,3590515,35
6-0.25-M,1,260.019,40568,0.3929,0.3651,0.4762,3.9874,5.0545,6.1159,3.7975,4.5950,5.0545,84,162.644,20576976,3903,2973,930,2973,3652659,35
6-0.25-M,1,265.001,40568,0.4167,0.3810,0.5238,3.7975,4.5950,5.5599,4.1772,4.5950,5.5599,84,162.322,20970684,3985,3035,950,3035,3712633,35
6-0.25-M,1,270.006,40568,0.4286,0.4127,0.4762,3.9874,4.5950,5.5599,4.5950,5.5599,6.1159,84,160.219,21367332,4062,3092,970,3092,3766403,35
6-0.25-M,1,275.011,40568,0.4167,0.4286,0.3810,4.1772,5.5599,6.4217,4.5950,5.0545,5.5599,84,164.028,21763140,4145,3154,991,3154,3819729,35
6-0.25-M,1,280.017,40568,0.4762,0.4444,0.5714,4.3861,5.0545,6.4217,4.1773,5.0545,6.1159,84,157.789,22159116,4225,3214,1011,3214,3874621,35
6-0.25-M,1,285.020,40568,0.4405,0.4127,0.5238,3.9874,4.5950,6.1159,4.5950,5.0545,5.5599,84,166.171,22554084,4298,3269,1029,3269,3945394,35
6-0.25-M,1,290.024,40568,0.4405,0.3968,0.5714,4.1772,5.0545,6.1159,4.1772,4.5950,5.0545,84,171.553,22950228,4376,3329,1047,3329,3997718,35
6-0.25-M,1,295.027,40568,0.4048,0.3968,0.4286,4.1772,5.0545,6.1159,4.1772,5.0545,6.1159,84,162.163,23345868,4454,3390,1064,3390,4046980,35
6-0.25-M,1,300.006,40568,0.4881,0.4286,0.6667,3.9874,5.0545,6.7275,4.1772,5.0545,6.7275,84,158.909,23739408,4528,3446,1082,3446,4109880,35
6-0.25-M,1,305.017,40568,0.3452,0.3492,0.3333,4.1773,5.0545,6.1159,3.7975,5.0545,5.5599,84,158.480,24135888,4605,3502,1103,3502,4199450,35
6-0.25-M,1,310.023,40568,0.4286,0.4127,0.4762,4.1772,5.0545,6.1159,4.1772,4.5950,5.5599,84,161.312,24532452,4679,3558,1121,3558,4276681,35
6-0.25-M,1,315.029,40568,0.4167,0.3968,0.4762,4.1772,5.0545,6.7275,4.1772,5.0545,6.1159,84,165.612,24927168,4758,3617,1141,3617,4350344,35
6-0.25-M,1,320.008,40568,0.5000,0.4444,0.6667,3.7975,4.5950,6.1159,3.7975,4.5950,5.0545,84,161.315,25321044,4836,3677,1159,3677,4423096,35
6-0.25-M,1,325.015,40622,0.4167,0.3968,0.4762,4.5950,5.0545,6.7275,4.1772,4.5950,5.5599,84,161.890,25716768,4918,3738,1180,3738,4476858,36
6-0.25-M,1,330.015,40622,0.2976,0.2698,0.3810,4.1772,5.0545,6.1159,4.1772,5.5599,6.1159,84,157.147,26113080,4997,3799,1198,3799,4574542,36
6-0.25-M,1,335.015,40622,0.5000,0.4921,0.5238,4.1773,5.0545,6.1159,4.5950,5.5599,6.1159,84,162.505,26509896,5077,3859,1218,3859,4649673,36
6-0.25-M,1,340.024,40622,0.3452,0.3016,0.4762,4.3861,5.0545,6.1159,4.1772,5.5599,6.7275,84,160.351,26906460,5158,3919,1239,3919,4727174,36
6-0.25-M,1,345.002,40622,0.3333,0.2381,0.6190,4.1773,5.0545,6.7275,5.0545,5.5599,6.7275,84,162.348,27300420,5238,3980,1258,3980,4823711,36
6-0.25-M,1,350.005,40622,0.3214,0.2698,0.4762,3.7975,4.5950,5.5599,4.1772,4.5950,6.1159,84,162.114,27695892,5320,4042,1278,4042,4918028,36
6-0.25-M,1,355.007,40622,0.3929,0.3016,0.6667,4.1773,5.0545,6.1159,5.0545,6.1159,7.4002,84,167.081,28091448,5392,4099,1293,4099,5007631,36
6-0.25-M,1,360.008,40622,0.3929,0.3968,0.3810,4.1772,5.0545,7.0639,4.5950,5.0545,6.7275,84,160.533,28487340,5472,4161,1311,4161,5093025,36
6-0.25-M,1,365.013,40622,0.3810,0.3492,0.4762,4.1772,5.0545,6.7275,4.5950,5.5599,6.7275,84,160.464,28882644,5551,4221,1330,4221,5165274,36
6-0.25-M,1,370.014,40622,0.4048,0.3651,0.5238,4.1772,5.0545,6.1159,3.7975,4.5950,6.1159,84,169.913,29278536,5626,4276,1350,4276,5244181,36
6-0.25-M,1,375.019,40622,0.4048,0.3968,0.4286,4.1772,5.0545,5.8379,3.7975,5.0545,6.1159,84,166.350,29674092,5706,4336,1370,4336,5298679,36
6-0.25-M,1,380.001,40622,0.4167,0.3810,0.5238,4.1772,5.0545,6.7275,4.1772,5.0545,5.5599,84,160.048,30067128,5785,4397,1388,4397,5354466,36
6-0.25-M,1,385.011,40622,0.4524,0.3651,0.7143,4.1772,5.0545,6.4217,4.5950,5.5599,6.7275,84,161.380,30463272,5862,4453,1409,4453,5431041,36
6-0.25-M,1,390.022,40622,0.4643,0.4286,0.5714,3.7975,5.0545,5.5599,5.0545,5.5599,6.7275,84,157.884,30858492,5938,4510,1428,4510,5512587,36
6-0.25-M,1,395.024,40622,0.3929,0.3333,0.5714,4.3861,5.5599,6.1159,4.5950,5.5599,6.1159,84,162.096,31253628,6014,4566,1448,4566,5572973,36
6-0.25-M,1,400.000,40622,0.4167,0.3968,0.4762,4.1772,5.5599,6.4217,3.7975,5.5599,6.1159,84,160.860,31647168,6093,4624,1469,4624,5648033,36
6-0.25-M,1,405.010,40622,0.4643,0.4762,0.4286,4.1772,5.0545,6.1159,4.5950,5.0545,7.4002,84,167.410,32042640,6174,4684,1490,4684,5709904,36
6-0.25-M,1,410.006,40622,0.4286,0.3333,0.7143,3.7975,5.0545,6.1159,3.4523,3.7975,6.1159,84,159.681,32438532,6254,4746,1508,4746,5779272,36
6-0.25-M,1,415.017,40622,0.4405,0.4286,0.4762,4.1772,5.0545,6.4217,4.1772,5.0545,6.1159,84,162.583,32835012,6334,4807,1527,4807,5860729,36
6-0.25-M,1,420.020,40622,0.4167,0.3651,0.5714,4.1772,5.0545,6.1159,4.1772,5.0545,5.5599,84,162.710,33229980,6406,4865,1541,4865,5945584,36
6-0.25-M,1,425.005,40622,0.3571,0.3810,0.2857,4.1772,5.0545,6.1159,4.1772,5.5599,6.1159,84,161.593,33622008,6488,4927,1561,4927,6024938,36
6-0.25-M,1,430.015,40622,0.3690,0.3016,0.5714,4.1773,5.0545,6.1159,4.1772,5.5599,5.5599,84,160.950,34017228,6568,4988,1580,4988,6108729,36
6-0.25-M,1,435.019,40622,0.4881,0.4603,0.5714,4.1772,5.0545,5.8379,4.1772,4.5950,6.1159,84,165.451,34413204,6648,5049,1599,5049,6182842,36
6-0.25-M,1,440.002,40622,0.4405,0.4762,0.3333,4.1772,4.5950,5.5599,4.1772,4.5950,6.1159,84,165.654,34806240,6724,5107,1617,5107,6246214,36
6-0.25-M,1,445.007,40622,0.2738,0.2857,0.2381,4.1772,5.0545,6.1159,4.1772,5.0545,5.5599,84,156.932,35201964,6806,5169,1637,5169,6320000,36
6-0.25-M,1,450.021,40622,0.4286,0.4127,0.4762,3.7975,4.5950,6.1159,4.5950,5.5599,7.4002,84,159.764,35597940,6884,5227,1657,5227,6402131,36
6-0.25-M,1,455.022,40622,0.3690,0.2540,0.7143,3.7975,5.0545,6.7275,4.1772,5.0545,6.7275,84,162.166,35994168,6962,5284,1678,5284,6464708,36
6-0.25-M,1,460.020,40622,0.3571,0.3651,0.3333,3.7975,4.5950,6.1159,3.4523,4.1772,5.5599,84,156.779,36389640,7042,5343,1699,5343,6536779,36
6-0.25-M,1,465.026,40622,0.3214,0.3016,0.3810,3.7975,4.5950,6.1159,4.1772,4.5950,6.1159,84,159.232,36785868,7124,5404,1720,5404,6613873,36
6-0.25-M,1,470.027,40622,0.3810,0.3492,0.4762,4.1772,5.0545,6.1159,4.5950,5.0545,6.1159,84,163.079,37180080,7197,5458,1739,5458,6685473,36
6-0.25-M,1,475.006,40622,0.4167,0.3968,0.4762,4.1772,5.0545,6.7275,3.7975,4.1772,6.1159,84,169.737,37574124,7273,5515,1758,5515,6773097,36
6-0.25-M,1,480.020,40622,0.3929,0.3492,0.5238,4.5950,5.5599,6.7275,3.7975,3.7975,5.5599,84,170.252,37969092,7346,5573,1773,5573,6831210,36
6-0.25-M,1,485.025,40622,0.4048,0.3651,0.5238,4.1772,5.5599,6.7275,3.7975,4.5950,5.5599,84,161.450,38365404,7423,5632,1791,5632,6917002,36
6-0.25-M,1,490.029,40622,0.4167,0.4127,0.4286,4.1772,5.0545,6.7275,3.7975,4.5950,5.0545,84,162.195,38761632,7503,5692,1811,5692,6985964,36
6-0.25-M,1,495.019,40622,0.3810,0.4127,0.2857,4.1772,5.0545,6.1159,4.5950,5.5599,6.7275,84,166.092,39154332,7582,5752,1830,5752,7030560,36
6-0.25-M,1,500.024,40622,0.3214,0.3016,0.3810,3.7975,4.5950,5.5599,3.4523,5.5599,7.4002,84,157.670,39549132,7662,5814,1848,5814,7091227,36
6-0.25-M,1,505.002,40622,0.3929,0.3333,0.5714,3.7975,5.0545,5.8379,3.7975,5.0545,6.1159,84,159.003,39942420,7740,5872,1868,5872,7177566,36
6-0.25-M,1,510.001,40622,0.3571,0.3651,0.3333,3.7975,4.5950,5.5599,4.1772,4.5950,5.5599,84,161.204,40335624,7822,5934,1888,5934,7254151,36
6-0.25-M,1,515.003,40762,0.4405,0.4127,0.5238,4.1773,5.0545,6.1159,4.5950,5.5599,6.7275,84,164.635,40731264,7904,5996,1908,5996,7320092,37
6-0.25-M,1,520.009,40762,0.3690,0.3492,0.4286,4.1772,4.5950,5.8379,4.1772,5.0545,5.5599,84,154.841,41127240,7983,6054,1929,6054,7380689,37
6-0.25-M,1,525.024,40762,0.3571,0.3333,0.4286,4.1772,5.0545,6.7275,4.1772,4.5950,5.0545,84,159.644,41522544,8064,6114,1950,6114,7486817,37
6-0.25-M,1,530.022,40762,0.4286,0.3968,0.5238,3.7975,4.5950,6.1159,4.5950,5.0545,5.5599,84,161.624,41917176,8141,6174,1967,6174,7572905,37
6-0.25-M,1,535.027,40762,0.3810,0.3333,0.5238,3.9874,5.0545,6.1159,3.7975,4.1772,5.0545,84,156.977,42313068,8219,6232,1987,6232,7669376,37
6-0.25-M,1,540.005,40762,0.4524,0.3968,0.6190,4.1772,4.5950,6.1159,4.1772,5.0545,6.1159,84,163.631,42705600,8294,6290,2004,6290,7752662,37
6-0.25-M,1,545.008,40762,0.3452,0.3175,0.4286,4.1772,5.0545,6.1159,3.7975,4.5950,5.5599,84,158.238,43101156,8372,6350,2022,6350,7846196,37
6-0.25-M,1,550.010,40762,0.4405,0.4127,0.5238,3.9874,5.0545,5.8379,3.7975,4.5950,6.1159,84,155.923,43495956,8449,6408,2041,6408,7942971,37
6-0.25-M,1,555.014,40762,0.4167,0.3968,0.4762,4.1772,5.5599,6.1159,3.1384,4.5950,5.5599,84,160.801,43890672,8522,6463,2059,6463,8023578,37
6-0.25-M,1,560.025,40762,0.4405,0.4286,0.4762,4.3861,5.0545,5.8379,4.1772,5.0545,6.1159,84,168.370,44286144,8598,6519,2079,6519,8073928,37
6-0.25-M,1,565.019,40762,0.2976,0.2698,0.3810,4.1772,4.5950,5.5599,3.7975,5.0545,6.7275,84,158.385,44681280,8675,6577,2098,6577,8142605,37
6-0.25-M,1,570.019,40762,0.3452,0.3333,0.3810,4.1772,5.0545,6.1159,3.7975,5.0545,6.1159,84,163.935,45077592,8756,6637,2119,6637,8229602,37
6-0.25-M,1,575.028,40762,0.4405,0.3968,0.5714,3.9874,5.0545,6.1159,4.1772,4.5950,6.1159,84,161.980,45473820,8839,6700,2139,6700,8291449,37
6-0.25-M,1,580.028,40762,0.2381,0.2540,0.1905,4.1772,4.5950,6.4217,4.1772,5.5599,6.1159,84,156.706,45869880,8920,6760,2160,6760,8360608,37
6-0.25-M,1,585.007,40762,0.4048,0.3810,0.4762,3.7975,4.5950,5.5599,3.7975,5.0545,6.1159,84,164.614,46263588,9000,6820,2180,6820,8440885,37
6-0.25-M,1,590.010,40762,0.3690,0.2698,0.6667,4.1772,5.0545,6.7275,4.1772,5.0545,6.1159,84,166.228,46659984,9078,6880,2198,6880,8508872,37
6-0.25-M,1,595.016,40762,0.4643,0.4444,0.5238,4.5950,5.5599,7.4002,3.7975,5.0545,6.1159,84,167.996,47056380,9159,6942,2217,6942,8563539,37
5-0.5-P,1,5.008,272289,0.4881,0.4603,0.5714,3.6249,4.5950,5.0545,4.5950,5.5599,7.4003,84,158.888,335748,0,0,0,0,3746,225
5-0.5-P,1,10.013,273158,0.5000,0.4603,0.6190,3.7975,4.5950,5.8379,3.1384,4.1773,5.0545,84,169.874,630336,10,7,3,7,9413,239
5-0.5-P,1,15.009,273158,0.4048,0.3651,0.5238,3.7975,4.5950,5.5599,3.7975,4.5950,4.5950,84,167.015,922740,36,28,8,28,17281,239
5-0.5-P,1,20.012,273158,0.5476,0.5079,0.6667,3.7975,4.1772,5.0545,3.4523,5.0545,6.1159,84,162.385,1217244,82,64,18,64,28757,239
5-0.5-P,1,25.001,273158,0.4286,0.4286,0.4286,3.4523,4.1773,5.5599,3.7975,4.1772,4.5950,84,163.643,1510236,127,97,30,97,41229,239
5-0.5-P,1,30.003,273185,0.4762,0.4603,0.5238,3.6249,4.5950,5.0545,3.7975,4.1772,5.5599,84,165.438,1804320,173,136,37,136,59279,240
5-0.5-P,1,35.001,273187,0.4286,0.3810,0.5714,3.4523,4.5950,5.5599,3.1384,4.1773,5.5599,84,154.981,2100588,235,184,51,184,70867,241
5-0.5-P,1,40.027,273325,0.5476,0.5556,0.5238,3.7975,4.1773,5.8379,3.1384,4.5950,5.0545,84,156.803,2398536,286,222,64,222,78113,244
5-0.5-P,1,45.004,273325,0.5000,0.4921,0.5238,3.7975,4.5950,5.5599,3.4523,4.1772,5.0545,81,168.005,2693460,331,255,76,255,90993,244
5-0.5-P,1,50.011,273325,0.5238,0.5079,0.5714,3.7975,4.5950,5.0545,3.4523,4.5950,5.5599,83,163.609,2988468,396,306,90,306,109746,244
5-0.5-P,1,55.005,273325,0.3333,0.3333,0.3333,3.7975,4.5950,6.7275,4.1772,5.5599,6.1159,84,165.057,3282132,450,346,104,346,122133,244
5-0.5-P,1,60.020,273325,0.5238,0.4762,0.6667,3.7975,4.5950,5.8379,4.1772,4.5950,6.1159,83,168.324,3578736,501,385,116,385,134579,244
5-0.5-P,1,65.015,273325,0.5119,0.5238,0.4762,3.7975,4.5950,5.5599,3.4523,4.5950,5.0545,80,162.464,3876096,563,434,129,434,153767,244
5-0.5-P,1,70.013,273325,0.5119,0.4762,0.6190,3.4523,4.1773,5.0545,3.4523,4.1772,5.0545,80,163.480,4172196,625,481,144,481,177892,244
5-0.5-P,1,75.009,273325,0.4762,0.4762,0.4762,3.4523,4.4380,5.5599,4.1772,5.0545,6.1159,83,180.959,4466028,673,517,156,517,196080,244
5-0.5-P,1,80.017,273325,0.4643,0.4444,0.5238,3.7975,4.5950,6.1159,3.7975,4.5950,5.0545,84,168.634,4761288,727,560,167,560,201225,244
5-0.5-P,1,85.024,273325,0.4524,0.4921,0.3333,3.4523,4.1772,5.0545,4.1772,5.5599,6.1159,84,163.550,5056212,792,611,181,611,212419,244
5-0.5-P,1,90.027,273325,0.4643,0.3968,0.6667,3.4523,4.5950,5.5599,3.4523,4.5950,5.5599,83,164.018,5352564,844,650,194,650,223701,244
5-0.5-P,1,95.018,273325,0.4643,0.4762,0.4286,3.6249,4.5950,5.5599,3.7975,5.0545,6.1159,83,158.357,5648496,892,688,204,688,235194,244
5-0.5-P,1,100.026,273325,0.4881,0.4286,0.6667,3.7975,4.5950,6.1159,3.7975,4.5950,5.5599,83,158.688,5946780,960,741,219,741,243736,244
5-0.5-P,1,105.030,273325,0.5119,0.5238,0.4762,3.4523,4.5950,6.1159,3.4523,4.1772,6.1159,82,183.195,6242964,1016,782,234,782,254234,244
5-0.5-P,1,110.026,273325,0.5238,0.5397,0.4762,3.7975,4.1772,5.5599,3.4523,4.1772,4.5950,82,168.200,6536376,1067,821,246,821,271777,244
5-0.5-P,1,115.006,273325,0.4048,0.3810,0.4762,3.7327,4.5950,5.3072,4.1772,5.0545,5.5599,82,174.217,6828612,1130,870,260,870,294868,244
5-0.5-P,1,120.003,273325,0.4643,0.3968,0.6667,3.7975,4.5950,5.5599,3.4523,4.1772,5.5599,83,165.534,7121856,1187,916,271,916,317711,244
5-0.5-P,1,125.003,273325,0.4524,0.4603,0.4286,3.6249,4.1773,6.1159,4.1772,5.0545,5.0545,84,158.189,7417116,1240,955,285,955,323796,244
5-0.5-P,1,130.010,273325,0.5238,0.5714,0.3810,3.4523,4.1772,5.0545,3.7975,4.1772,5.0545,83,173.353,7714056,1298,999,299,999,336141,244
5-0.5-P,1,135.016,273325,0.4762,0.4762,0.4762,3.4523,3.7975,4.5950,4.5950,5.0545,5.5599,84,175.393,8009484,1364,1051,313,1051,353544,244
5-0.5-P,1,140.019,273325,0.4524,0.4286,0.5238,3.6249,4.5950,5.3072,3.4523,4.1772,5.0545,83,161.003,8305500,1412,1088,324,1088,368942,244
5-0.5-P,1,145.016,273325,0.5000,0.5714,0.2857,3.4523,4.1773,5.0545,3.4523,4.1772,4.5950,83,164.425,8599080,1468,1129,339,1129,386352,244
5-0.5-P,1,150.002,273385,0.4286,0.3968,0.5238,3.7975,4.5950,5.0545,3.7975,4.1772,5.5599,84,167.301,8890392,1535,1180,355,1180,396566,246
5-0.5-P,1,155.019,273385,0.4881,0.4762,0.5238,3.7975,4.5950,5.5599,4.1772,4.5950,5.0545,84,156.328,9186072,1588,1221,367,1221,415470,246
5-0.5-P,1,160.006,273493,0.5119,0.5079,0.5238,3.4523,4.5950,6.1159,4.1772,5.0545,6.1159,84,171.933,9479820,1642,1261,381,1261,424994,247
5-0.5-P,1,165.004,273493,0.4286,0.4762,0.2857,3.4523,4.1772,5.0545,3.7975,4.5950,5.5599,84,160.911,9774828,1705,1310,395,1310,450292,247
5-0.5-P,1,170.029,273493,0.4643,0.4444,0.5238,3.7975,4.5950,5.5599,3.7975,5.0545,5.5599,84,154.230,10071348,1764,1356,408,1356,474963,247
5-0.5-P,1,175.007,273493,0.4524,0.4127,0.5714,3.6249,4.5950,5.5599,3.7975,4.5950,5.5599,84,161.221,10363836,1817,1394,423,1394,490510,247
5-0.5-P,1,180.015,273493,0.4167,0.3810,0.5238,3.4523,4.1773,5.5599,3.7975,4.1772,5.5599,84,160.290,10660356,1876,1439,437,1439,503313,247
5-0.5-P,1,185.017,273493,0.4762,0.4444,0.5714,3.4523,4.5950,5.0545,3.4523,4.5950,5.0545,84,154.966,10955112,1941,1491,450,1491,522954,247
5-0.5-P,1,190.010,273493,0.4048,0.4444,0.2857,3.7975,4.5950,5.3072,3.7975,4.5950,5.5599,84,168.250,11249364,1994,1528,466,1528,541249,247
5-0.5-P,1,195.020,273493,0.4643,0.4444,0.5238,3.7975,4.5950,5.5599,3.1384,3.7975,6.1159,84,163.838,11546556,2049,1570,479,1570,567630,247
5-0.5-P,1,200.026,273493,0.5119,0.5238,0.4762,3.6249,4.5950,5.0545,3.7975,5.0545,6.1159,84,162.824,11843664,2114,1622,492,1622,586647,247
5-0.5-P,1,205.017,273493,0.4762,0.4444,0.5714,3.7975,4.1773,6.1159,3.7975,4.1772,5.0545,84,164.644,12140604,2170,1664,506,1664,593289,247
5-0.5-P,1,210.000,273493,0.5476,0.5556,0.5238,3.7975,4.5950,5.5599,3.7975,5.0545,6.1159,84,176.420,12434100,2226,1706,520,1706,601720,247
5-0.5-P,1,215.020,273493,0.5119,0.4921,0.5714,3.6249,4.5950,5.3072,3.4523,4.5950,5.5599,84,169.512,12731460,2285,1751,534,1751,621797,247
5-0.5-P,1,220.009,273493,0.3810,0.3651,0.4286,3.9874,5.0545,5.5599,4.1772,4.5950,5.5599,84,162.700,13025124,2346,1799,547,1799,645997,247
5-0.5-P,1,225.007,273493,0.4881,0.4921,0.4762,3.7975,4.1773,5.0545,3.4523,4.1772,5.0545,84,164.937,13320048,2398,1838,560,1838,661619,247
5-0.5-P,1,230.002,273493,0.3333,0.3651,0.2381,3.4523,4.5950,5.8379,3.7975,5.0545,5.5599,84,167.430,13616988,2454,1880,574,1880,672674,247
5-0.5-P,1,235.009,273493,0.4524,0.3810,0.6667,3.7975,4.5950,5.0545,3.7975,4.1772,4.5950,84,168.145,13911744,2519,1932,587,1932,679218,247
5-0.5-P,1,240.015,273493,0.4762,0.4762,0.4762,3.4523,4.1772,5.3072,3.4523,4.5950,5.5599,84,156.284,14204316,2570,1970,600,1970,692755,247
5-0.5-P,1,245.012,273493,0.3810,0.3333,0.5238,3.7975,4.5950,5.5599,4.1772,4.1772,5.5599,84,161.997,14499912,2625,2013,612,2013,707879,247
5-0.5-P,1,250.008,273493,0.4881,0.4921,0.4762,3.7975,4.5950,5.5599,3.7975,4.5950,5.5599,84,166.263,14794836,2692,2063,629,2063,722972,247
5-0.5-P,1,255.003,273530,0.4643,0.4444,0.5238,3.7975,4.5950,5.5599,3.7975,4.5950,5.0545,84,162.586,15089340,2746,2105,641,2105,749054,248
5-0.5-P,1,260.003,273530,0.4405,0.4286,0.4762,3.4523,4.1772,5.5599,3.4523,4.1772,5.0545,84,155.864,15385356,2799,2146,653,2146,782830,248
5-0.5-P,1,265.023,273530,0.4286,0.4127,0.4762,3.4523,4.5950,5.3072,4.1772,4.5950,5.5599,84,155.871,15683472,2862,2192,670,2192,808450,248
5-0.5-P,1,270.014,273530,0.4048,0.3810,0.4762,3.7975,4.5950,5.2123,3.4523,4.5950,5.5599,84,155.841,15976380,2924,2242,682,2242,837386,248
5-0.5-P,1,275.011,273530,0.4405,0.4762,0.3333,3.4523,4.1772,5.0545,3.1384,3.7975,5.0545,84,162.995,16270968,2975,2279,696,2279,858343,248
5-0.5-P,1,280.027,273530,0.5238,0.5079,0.5714,3.6249,4.1772,5.5599,4.1772,4.1772,5.0545,84,160.833,16566900,3033,2321,712,2321,882216,248
5-0.5-P,1,285.009,273530,0.4405,0.4444,0.4286,3.4523,4.1772,5.5599,3.7975,4.5950,5.0545,84,158.844,16861404,3097,2373,724,2373,893665,248
5-0.5-P,1,290.028,273530,0.4048,0.4127,0.3810,3.7975,4.1772,5.4650,3.4523,4.5950,5.0545,84,162.561,17158344,3150,2411,739,2411,910934,248
5-0.5-P,1,295.018,273530,0.3810,0.3651,0.4286,3.7327,4.5950,5.5599,4.1772,5.0545,6.1159,84,171.610,17453604,3211,2456,755,2456,933393,248
5-0.5-P,1,300.009,273530,0.4881,0.5397,0.3333,3.4523,4.5950,5.4650,3.4523,4.1772,5.0545,84,160.905,17749872,3271,2505,766,2505,946621,248
5-0.5-P,1,305.006,273530,0.5119,0.5714,0.3333,3.4523,4.1772,5.5599,3.7975,4.5950,5.5599,84,166.047,18044628,3330,2549,781,2549,963282,248
5-0.5-P,1,310.003,273530,0.3929,0.3651,0.4762,3.7975,4.5950,6.1159,3.4523,4.1772,5.0545,84,166.551,18341820,3386,2589,797,2589,989062,248
5-0.5-P,1,315.026,273530,0.4762,0.4444,0.5714,3.6249,4.5950,5.5599,3.7975,5.0545,6.1159,84,157.559,18637332,3441,2633,808,2633,1012937,248
5-0.5-P,1,320.016,273530,0.5357,0.4762,0.7143,3.4523,5.0545,5.8379,3.1384,3.7975,4.1772,84,162.061,18932256,3506,2684,822,2684,1023762,248
5-0.5-P,1,325.027,273530,0.6190,0.6032,0.6667,3.7975,4.5950,5.5599,3.7975,4.1772,5.0545,84,164.655,19229028,3560,2722,838,2722,1046630,248
5-0.5-P,1,330.008,273530,0.5476,0.5397,0.5714,3.7975,4.5950,5.0545,4.5950,5.0545,5.5599,84,155.752,19523364,3614,2764,850,2764,1067445,248
5-0.5-P,1,335.022,273530,0.4762,0.5238,0.3333,3.7975,4.8818,6.1159,4.1772,4.5950,5.5599,84,176.603,19816356,3680,2815,865,2815,1078734,248
5-0.5-P,1,340.021,273530,0.4405,0.4286,0.4762,3.7975,4.5950,5.5599,4.1772,4.5950,5.5599,84,157.412,20112036,3735,2855,880,2855,1086052,248
5-0.5-P,1,345.018,273530,0.4643,0.4444,0.5238,3.7975,4.5950,5.8379,3.7975,5.0545,5.5599,84,156.169,20408472,3789,2897,892,2897,1103829,248
5-0.5-P,1,350.012,273530,0.3929,0.3175,0.6190,3.7975,4.5950,5.5599,4.1772,4.5950,5.5599,84,160.021,20703144,3852,2947,905,2947,1120599,248
5-0.5-P,1,355.007,273530,0.3929,0.3651,0.4762,3.4523,4.1772,5.3072,3.7975,4.1772,6.1159,84,162.180,21000672,3915,2992,923,2992,1146913,248
5-0.5-P,1,360.015,273530,0.5000,0.4603,0.6190,3.4523,4.5950,5.0545,3.4523,3.7975,4.1772,84,153.860,21296436,3965,3031,934,3031,1159635,248
5-0.5-P,1,365.028,273530,0.4048,0.4444,0.2857,3.7975,4.5950,6.1159,3.7975,4.1772,4.5950,84,177.003,21595476,4024,3076,948,3076,1164217,248
5-0.5-P,1,370.001,273530,0.5000,0.4921,0.5238,3.7975,4.5950,5.5599,3.7975,4.1772,5.0545,84,166.133,21886788,4094,3128,966,3128,1176396,248
5-0.5-P,1,375.014,273530,0.5119,0.5397,0.4286,3.6249,4.5950,5.5599,3.4523,4.1772,6.1159,84,163.105,22184148,4143,3165,978,3165,1195224,248
5-0.5-P,1,380.010,273530,0.4762,0.4921,0.4286,3.4523,4.5950,5.2123,3.4523,4.1772,4.5950,84,157.239,22480248,4195,3207,988,3207,1208010,248
5-0.5-P,1,385.007,273530,0.4286,0.3810,0.5714,3.7975,4.5950,5.5599,3.7975,5.0545,5.5599,84,172.759,22775844,4267,3259,1008,3259,1215806,248
5-0.5-P,1,390.007,273530,0.4286,0.4444,0.3810,3.7975,4.5950,5.5599,3.4523,4.5950,5.5599,84,164.606,23071776,4322,3301,1021,3301,1223196,248
5-0.5-P,1,395.013,273530,0.4881,0.3968,0.7619,3.7327,4.1772,5.0545,3.4523,4.1772,4.5950,84,155.817,23369052,4375,3343,1032,3343,1239691,248
5-0.5-P,1,400.018,273530,0.5714,0.5873,0.5238,3.9874,4.5950,5.3072,3.4523,4.1772,5.0545,84,172.775,23666160,4438,3388,1050,3388,1258481,248
5-0.5-P,1,405.019,273530,0.5476,0.5714,0.4762,3.4523,4.1772,5.5599,4.1772,4.1772,5.5599,84,164.147,23965032,4501,3438,1063,3438,1269098,248
5-0.5-P,1,410.019,273530,0.5476,0.5873,0.4286,3.4523,4.1773,5.5599,3.1384,3.4523,5.0545,84,166.978,24261888,4552,3476,1076,3476,1278870,248
5-0.5-P,1,415.009,273530,0.5714,0.5397,0.6667,3.6249,4.5950,5.0545,3.7975,4.1772,4.5950,84,165.184,24555720,4610,3518,1092,3518,1299338,248
5-0.5-P,1,420.028,273530,0.4524,0.4603,0.4286,3.7975,4.5950,5.5599,3.7975,4.1772,5.5599,84,167.283,24851148,4674,3570,1104,3570,1311713,248
5-0.5-P,1,425.017,273530,0.5119,0.4762,0.6190,3.7975,4.5950,5.8379,3.7975,4.1772,5.0545,84,159.298,25146408,4724,3607,1117,3607,1312992,248
5-0.5-P,1,430.014,273530,0.4167,0.4286,0.3810,3.6249,4.5950,5.5599,3.4523,4.5950,5.0545,84,174.109,25440912,4787,3653,1134,3653,1324719,248
5-0.5-P,1,435.029,273530,0.5595,0.5556,0.5714,3.4523,4.5950,5.5599,3.7975,4.1772,5.0545,84,160.396,25736760,4847,3701,1146,3701,1335798,248
5-0.5-P,1,440.027,273530,0.5476,0.5238,0.6190,3.4523,4.5950,5.5599,3.4523,4.1772,5.0545,84,157.412,26033784,4905,3746,1159,3746,1347107,248
5-0.5-P,1,445.009,273530,0.5476,0.5397,0.5714,3.6249,4.5950,5.5599,3.4523,4.1772,5.0545,84,162.710,26329128,4961,3785,1176,3785,1353533,248
5-0.5-P,1,450.009,273530,0.4881,0.5397,0.3333,3.5600,4.5950,5.5599,3.7975,4.5950,6.7275,84,163.614,26624808,5019,3830,1189,3830,1364093,248
5-0.5-P,1,455.001,273586,0.5357,0.5556,0.4762,3.4523,4.1772,5.5599,4.5950,5.0545,6.7275,84,172.876,26917716,5082,3881,1201,3881,1370927,249
5-0.5-P,1,460.027,273586,0.5119,0.5556,0.3810,3.4523,4.5950,5.5599,3.4523,4.1772,4.5950,84,158.542,27215076,5136,3918,1218,3918,1382354,249
5-0.5-P,1,465.001,273586,0.4048,0.3968,0.4286,3.7975,4.5950,5.5599,3.4523,4.5950,5.5599,84,166.506,27509076,5190,3959,1231,3959,1393958,249
5-0.5-P,1,470.014,273586,0.4405,0.3810,0.6190,3.5600,5.0545,5.8379,3.4523,4.5950,5.5599,84,167.069,27806100,5256,4013,1243,4013,1408576,249
5-0.5-P,1,475.017,273586,0.4524,0.4603,0.4286,3.6249,4.5950,5.5599,3.7975,4.1772,5.5599,84,169.948,28101780,5310,4050,1260,4050,1428122,249
5-0.5-P,1,480.002,273586,0.5000,0.4921,0.5238,3.4523,4.5950,5.5599,3.4523,4.5950,5.0545,84,162.251,28395864,5368,4094,1274,4094,1448853,249
5-0.5-P,1,485.006,273586,0.4643,0.4762,0.4286,3.7975,5.0545,5.5599,3.4523,4.5950,5.5599,84,165.522,28693980,5428,4144,1284,4144,1467488,249
5-0.5-P,1,490.021,273586,0.4286,0.4286,0.4286,3.7975,4.5950,6.1159,3.7975,4.5950,5.5599,84,156.646,28989912,5491,4189,1302,4189,1476766,249
5-0.5-P,1,495.019,273586,0.3929,0.4127,0.3333,3.4523,4.1772,5.0545,3.7975,4.1772,5.0545,84,174.455,29285760,5544,4228,1316,4228,1489203,249
5-0.5-P,1,500.017,273586,0.4167,0.4286,0.3810,3.7975,4.5950,5.5599,3.1384,4.1772,6.1159,84,152.370,29583540,5598,4273,1325,4273,1511614,249
5-0.5-P,1,505.002,273586,0.5238,0.5397,0.4762,3.7975,4.5950,5.5599,3.1384,4.1772,5.5599,84,158.160,29877624,5668,4325,1343,4325,1532448,249
5-0.5-P,1,510.001,273586,0.4286,0.4603,0.3333,3.4523,4.1772,5.3072,3.4523,4.5950,6.1159,84,165.250,30172380,5717,4361,1356,4361,1538640,249
5-0.5-P,1,515.022,273586,0.5119,0.4286,0.7619,3.7975,4.5950,5.5599,3.1384,4.1772,5.5599,84,162.104,30469824,5772,4404,1368,4404,1565593,249
5-0.5-P,1,520.007,273586,0.5357,0.5238,0.5714,2.9422,4.5950,5.0545,4.1772,4.5950,5.5599,84,159.778,30764916,5841,4456,1385,4456,1587681,249
5-0.5-P,1,525.017,273586,0.4048,0.3492,0.5714,3.7975,4.5950,5.5599,3.1384,3.7975,5.0545,84,162.646,31060260,5898,4498,1400,4498,1600258,249
5-0.5-P,1,530.007,273586,0.3333,0.3651,0.2381,3.6249,4.5950,5.5599,3.4523,4.5950,5.0545,84,154.563,31355352,5948,4539,1409,4539,1632563,249
5-0.5-P,1,535.014,273586,0.4167,0.4127,0.4286,3.1384,4.1772,5.3072,3.4523,4.5950,5.0545,84,166.301,31651536,6014,4585,1429,4585,1659197,249
5-0.5-P,1,540.002,273586,0.5238,0.5238,0.5238,3.1384,4.1772,5.3072,3.7975,4.1772,5.5599,84,157.163,31946208,6073,4632,1441,4632,1671233,249
5-0.5-P,1,545.005,273586,0.5238,0.4762,0.6667,3.4523,4.1772,5.5599,3.4523,4.5950,5.5599,84,156.176,32240964,6123,4672,1451,4672,1682975,249
5-0.5-P,1,550.026,273586,0.3929,0.3810,0.4286,3.4523,4.1773,5.0545,3.7975,4.5950,5.0545,82,164.061,32537988,6184,4714,1470,4714,1701478,249
5-0.5-P,1,555.021,273586,0.5238,0.5397,0.4762,3.7975,4.5950,5.3072,3.7975,4.1772,6.1159,82,159.563,32833920,6248,4766,1482,4766,1719375,249
5-0.5-P,1,560.027,273586,0.4643,0.4921,0.3810,3.4523,4.8818,6.1159,3.1384,4.1772,5.0545,81,159.959,33130272,6297,4803,1494,4803,1742108,249
5-0.5-P,1,565.024,273586,0.4524,0.4762,0.3810,3.7975,4.4380,5.5599,3.7975,4.1772,5.5599,84,164.963,33422592,6355,4846,1509,4846,1752623,249
5-0.5-P,1,570.015,273586,0.4881,0.4603,0.5714,3.7975,4.4380,5.0545,3.7975,4.1772,5.0545,84,172.782,33717264,6421,4897,1524,4897,1756677,249
5-0.5-P,1,575.007,273586,0.5000,0.5397,0.3810,3.4523,4.1772,4.8247,3.7975,4.1772,4.5950,84,172.211,34011852,6475,4939,1536,4939,1763548,249
5-0.5-P,1,580.003,273586,0.4643,0.4603,0.4762,3.7975,4.5950,5.5599,3.4523,4.5950,5.5599,84,164.879,34307532,6533,4981,1552,4981,1765400,249
5-0.5-P,1,585.011,273711,0.5000,0.5238,0.4286,3.7975,4.5950,5.5599,3.4523,4.1772,5.0545,84,179.065,34603128,6593,5027,1566,5027,1770097,250
5-0.5-P,1,590.027,273711,0.5000,0.5238,0.4286,3.7975,4.5950,5.5599,3.7975,4.1772,5.0545,84,171.138,34898052,6656,5077,1579,5077,1777724,250
5-0.5-P,1,595.029,273711,0.5476,0.5079,0.6667,3.6249,4.5950,5.0545,3.7975,4.1772,5.0545,84,162.475,35194152,6707,5114,1593,5114,1797061,250
2-0.5-M,1,5.004,56473,0.5000,0.4921,0.5238,3.6249,4.5950,5.5599,3.7975,4.5950,6.1159,84,158.666,335832,0,0,0,0,1349,129
2-0.5-M,1,10.007,56884,0.4762,0.4286,0.6190,3.7975,4.5950,5.5599,3.1384,4.1772,5.5599,84,158.271,633444,11,8,3,8,4892,135
2-0.5-M,1,15.010,57337,0.5119,0.5079,0.5238,3.7975,4.5950,5.5599,3.7975,5.0545,5.5599,84,154.174,937104,51,41,10,41,11255,142
2-0.5-M,1,20.028,57337,0.3929,0.4127,0.3333,3.7975,4.1772,5.0545,3.4523,4.5950,6.1159,84,165.404,1243620,99,75,24,75,19159,142
2-0.5-M,1,25.022,57391,0.3571,0.3492,0.3810,3.7975,5.0545,5.5599,3.7975,4.1772,5.0545,84,169.873,1547784,150,114,36,114,29607,143
2-0.5-M,1,30.002,57391,0.4048,0.3492,0.5714,4.1772,4.5950,5.8379,4.1772,4.5950,5.5599,84,153.857,1850268,199,152,47,152,43806,143
2-0.5-M,1,35.006,57391,0.4762,0.4603,0.5238,3.7975,4.5950,5.3072,3.7975,4.1772,5.0545,84,159.712,2153340,257,194,63,194,51047,143
2-0.5-M,1,40.017,57391,0.4167,0.3968,0.4762,3.7975,4.1773,5.5599,3.4523,3.7975,5.0545,84,166.404,2456160,319,241,78,241,56718,143
2-0.5-M,1,45.004,57391,0.4643,0.4603,0.4762,3.7975,4.5950,5.0545,3.7975,4.5950,5.5599,84,161.999,2760576,368,282,86,282,74151,143
2-0.5-M,1,50.024,57444,0.4167,0.4127,0.4286,3.7975,4.5950,5.5599,3.7975,4.5950,5.5599,84,161.785,3064152,425,324,101,324,84721,144
2-0.5-M,1,55.005,57538,0.4643,0.4921,0.3810,3.4523,4.1772,5.0545,3.7975,4.1772,5.0545,84,160.370,3364788,482,365,117,365,94254,145
2-0.5-M,1,60.015,57538,0.5595,0.6190,0.3810,3.4523,4.1772,5.0545,4.1772,4.5950,6.1159,84,159.890,3665676,540,412,128,412,110348,145
2-0.5-M,1,65.007,57557,0.5119,0.4921,0.5714,3.7975,4.1773,5.5599,3.7975,4.1773,5.0545,84,154.958,3968748,598,455,143,455,128026,146
2-0.5-M,1,70.021,57569,0.5000,0.4921,0.5238,3.4523,4.5950,5.5599,3.7975,4.5950,6.1159,84,151.618,4272408,658,500,158,500,155135,148
2-0.5-M,1,75.002,57789,0.5714,0.5556,0.6190,3.7975,4.5950,5.5599,3.4523,4.5950,6.1159,84,162.672,4574472,713,544,169,544,166667,150
2-0.5-M,1,80.014,57789,0.5595,0.5238,0.6667,3.7975,4.5950,5.5599,3.4523,4.5950,5.5599,84,162.277,4877376,774,591,183,591,180227,150
2-0.5-M,1,85.029,57789,0.4643,0.4603,0.4762,3.6249,4.1773,5.3072,3.7975,5.0545,5.5599,84,154.385,5181372,839,638,201,638,194624,150
2-0.5-M,1,90.009,57789,0.3571,0.3810,0.2857,3.4523,4.1772,5.5599,3.7975,4.1772,6.1159,84,152.086,5480664,891,680,211,680,205541,150
2-0.5-M,1,95.019,57789,0.4762,0.3810,0.7619,3.7975,4.5950,5.5599,3.4523,3.7975,5.0545,84,153.742,5784744,946,723,223,723,219357,150
2-0.5-M,1,100.014,57789,0.5476,0.4444,0.8571,3.7975,4.5950,5.5599,3.7975,4.5950,6.1159,84,155.559,6087144,1009,768,241,768,234848,150
2-0.5-M,1,105.026,57789,0.4524,0.4286,0.5238,3.4523,4.1772,5.5599,3.7975,4.1772,5.0545,84,171.960,6389376,1071,814,257,814,249147,150
2-0.5-M,1,110.025,57789,0.3810,0.3810,0.3810,3.7975,4.5950,5.5599,3.7975,4.1772,5.0545,84,162.089,6691692,1126,859,267,859,272262,150
2-0.5-M,1,115.012,57789,0.4762,0.4444,0.5714,3.4523,4.1772,5.5599,4.1772,5.0545,6.1159,84,153.385,6992832,1191,908,283,908,293224,150
2-0.5-M,1,120.023,57789,0.5238,0.5556,0.4286,3.7975,4.5950,5.3072,3.7975,4.5950,6.1159,84,169.444,7295316,1252,953,299,953,307985,150
2-0.5-M,1,125.003,57789,0.4405,0.3968,0.5714,3.7975,4.5950,5.8379,3.4523,4.5950,6.1159,84,156.006,7594860,1306,997,309,997,319560,150
2-0.5-M,1,130.014,57789,0.5714,0.6032,0.4762,3.6249,4.5950,5.5599,3.7975,4.5950,5.5599,84,158.678,7897092,1365,1039,326,1039,334100,150
2-0.5-M,1,135.022,57789,0.3929,0.4127,0.3333,4.1772,4.5950,5.5599,3.4523,4.5950,5.5599,84,180.493,8198820,1427,1084,343,1084,349290,150
2-0.5-M,1,140.015,57789,0.4286,0.4444,0.3810,3.9874,4.5950,5.5599,4.1772,4.5950,5.0545,84,173.428,8500464,1483,1130,353,1130,364519,150
2-0.5-M,1,145.002,57789,0.4524,0.4603,0.4286,3.4523,4.5950,5.5599,3.4523,4.5950,5.0545,84,151.893,8804712,1543,1175,368,1175,380220,150
2-0.5-M,1,150.020,57789,0.4405,0.4286,0.4762,3.7975,5.0545,6.1159,3.7975,4.1772,5.5599,84,158.112,9108036,1607,1223,384,1223,407112,150
2-0.5-M,1,155.016,57789,0.4286,0.4603,0.3333,3.7975,4.1772,5.5599,3.7975,4.1772,5.5599,84,184.390,9408504,1665,1269,396,1269,429678,150
2-0.5-M,1,160.021,57789,0.5000,0.5079,0.4762,3.7975,4.5950,5.0545,3.4523,4.1772,5.0545,84,154.573,9711660,1723,1313,410,1313,445938,150
2-0.5-M,1,165.003,57789,0.4762,0.4762,0.4762,4.1772,5.0545,6.1159,3.7975,4.1772,5.0545,84,162.135,10011288,1781,1355,426,1355,459883,150
2-0.5-M,1,170.027,57789,0.4286,0.4603,0.3333,3.7975,4.5950,5.5599,3.7975,4.5950,5.0545,84,166.757,10312260,1839,1402,437,1402,482242,150
2-0.5-M,1,175.008,57850,0.5119,0.5397,0.4286,3.7975,4.5950,5.5599,3.4523,4.5950,6.1159,84,151.790,10612056,1896,1447,449,1447,498786,151
2-0.5-M,1,180.001,57863,0.4167,0.4444,0.3333,3.7975,4.5950,5.5599,4.1772,5.0545,5.5599,84,163.476,10917312,1955,1489,466,1489,514143,152
2-0.5-M,1,185.029,57863,0.5119,0.5238,0.4762,3.4523,4.5950,5.5599,3.4523,3.7975,5.0545,84,167.402,11227944,2018,1539,479,1539,541296,152
2-0.5-M,1,190.021,57863,0.4048,0.4444,0.2857,3.7975,4.5950,5.5599,3.7975,4.5950,5.5599,84,161.505,11538072,2077,1585,492,1585,556477,152
2-0.5-M,1,195.008,57863,0.4405,0.4286,0.4762,3.6249,4.5950,5.5599,3.4523,3.7975,5.0545,84,162.112,11849208,2139,1630,509,1630,566426,152
2-0.5-M,1,200.007,57863,0.4286,0.4127,0.4762,3.7975,4.5950,5.5599,3.4523,4.5950,5.5599,84,165.814,12159840,2201,1677,524,1677,580641,152
2-0.5-M,1,205.020,57863,0.5000,0.4762,0.5714,3.7975,4.5950,6.1159,3.4523,4.1772,6.1159,84,160.048,12471564,2262,1726,536,1726,599426,152
2-0.5-M,1,210.009,57863,0.5238,0.4286,0.8095,3.6249,4.5950,5.8379,3.7975,4.5950,6.1159,84,161.747,12781104,2325,1772,553,1772,623023,152
2-0.5-M,1,215.022,57863,0.5357,0.4762,0.7143,3.4523,4.1773,5.0545,4.1772,5.0545,6.7275,84,154.979,13091400,2384,1816,568,1816,631012,152
2-0.5-M,1,220.013,57863,0.5595,0.6032,0.4286,3.4523,4.5950,5.8379,3.7975,4.5950,5.5599,84,161.072,13400940,2440,1863,577,1863,638309,152
2-0.5-M,1,225.021,57863,0.5119,0.5238,0.4762,3.4523,4.5950,5.5599,4.1772,4.5950,6.1159,84,164.352,13711740,2506,1912,594,1912,643188,152
2-0.5-M,1,230.019,57863,0.4881,0.4444,0.6190,4.1772,5.0545,6.1159,3.7975,4.5950,5.0545,84,157.810,14021112,2569,1959,610,1959,659799,152
2-0.5-M,1,235.029,57925,0.4167,0.4603,0.2857,3.4523,4.5950,5.5599,3.7975,4.1772,5.5599,84,166.578,14331324,2626,2002,624,2002,677738,153
2-0.5-M,1,240.012,57925,0.5595,0.5238,0.6667,3.7975,4.5950,5.5599,3.4523,4.1772,4.5950,84,160.001,14640024,2685,2048,637,2048,699447,153
2-0.5-M,1,245.019,57925,0.5357,0.5556,0.4762,3.4523,4.5950,6.1159,3.7975,4.5950,5.5599,84,154.762,14948304,2747,2094,653,2094,721273,153
2-0.5-M,1,250.028,57925,0.4405,0.4444,0.4286,3.7975,4.5950,5.5599,3.4523,4.5950,5.0545,84,158.782,15258180,2810,2141,669,2141,742069,153
2-0.5-M,1,255.014,57925,0.4881,0.5238,0.3810,3.7975,4.1772,5.0545,4.5950,5.0545,6.1159,84,148.785,15567216,2866,2186,680,2186,762035,153
2-0.5-M,1,260.025,57925,0.4524,0.4921,0.3333,3.6249,4.5950,5.5599,3.7975,4.1772,5.0545,84,161.040,15878604,2931,2234,697,2234,782170,153
2-0.5-M,1,265.025,57925,0.4881,0.4921,0.4762,3.4523,4.4380,5.5599,3.7975,4.5950,6.7275,84,160.842,16188732,2992,2279,713,2279,799453,153
2-0.5-M,1,270.011,57925,0.4286,0.4603,0.3333,3.6249,4.5950,5.5599,3.7975,4.5950,5.0545,84,170.853,16497432,3052,2326,726,2326,821498,153
2-0.5-M,1,275.026,57925,0.5238,0.5238,0.5238,3.5600,4.1773,5.0545,3.7975,4.5950,5.5599,84,155.997,16809576,3110,2370,740,2370,830959,153
2-0.5-M,1,280.008,57925,0.4762,0.5238,0.3333,3.6249,4.4380,5.5599,4.1772,4.5950,6.1159,84,156.534,17118864,3175,2421,754,2421,831731,153
2-0.5-M,1,285.019,57925,0.5000,0.5079,0.4762,3.7975,4.5950,5.0545,3.7975,3.7975,4.1772,84,170.158,17429160,3235,2466,769,2466,841353,153
2-0.5-M,1,290.012,57925,0.3810,0.3651,0.4286,3.7975,4.5950,5.5599,3.7975,5.0545,5.5599,83,155.116,17740212,3295,2511,784,2511,865131,153
2-0.5-M,1,295.008,57925,0.4405,0.3968,0.5714,3.7975,4.5950,5.0545,3.7975,4.5950,5.0545,83,168.087,18050760,3356,2558,798,2558,892793,153
2-0.5-M,1,300.007,57925,0.4167,0.4127,0.4286,3.7975,4.5950,5.5599,4.1772,4.5950,5.5599,84,170.427,18361644,3423,2608,815,2608,911665,153
2-0.5-M,1,305.000,57925,0.4405,0.4286,0.4762,3.7975,4.5950,5.5599,3.4523,4.5950,5.0545,84,153.339,18670596,3478,2653,825,2653,936749,153
2-0.5-M,1,310.028,57925,0.4881,0.5714,0.2381,3.4523,4.5950,5.0545,3.7975,4.5950,5.5599,84,160.041,18983244,3540,2697,843,2697,947774,153
2-0.5-M,1,315.014,57925,0.4286,0.3968,0.5238,3.4523,4.5950,5.5599,3.4523,3.7975,4.5950,84,151.233,19293960,3602,2745,857,2745,972966,153
2-0.5-M,1,320.022,57925,0.4881,0.5238,0.3810,4.1772,5.0545,5.5599,3.7975,4.1772,5.5599,84,161.210,19605012,3664,2795,869,2795,992779,153
2-0.5-M,1,325.023,57925,0.5833,0.5714,0.6190,3.7975,4.5950,6.1159,3.7975,4.5950,6.1159,84,163.838,19915644,3725,2840,885,2840,1019497,153
2-0.5-M,1,330.021,57925,0.4405,0.4286,0.4762,3.7975,4.8818,5.5599,3.4523,4.5950,6.1159,84,159.738,20224680,3785,2885,900,2885,1037623,153
2-0.5-M,1,335.012,57925,0.4762,0.4762,0.4762,3.7975,4.5950,6.1159,3.7975,4.1772,5.0545,84,158.348,20535648,3847,2933,914,2933,1058240,153
2-0.5-M,1,340.026,57925,0.4405,0.4127,0.5238,3.4523,4.5950,5.5599,3.7975,4.5950,6.1159,84,152.249,20847456,3909,2980,929,2980,1077510,153
2-0.5-M,1,345.024,57925,0.4881,0.5079,0.4286,3.7975,4.5950,5.8379,3.7975,5.0545,6.7275,84,161.485,21158088,3972,3028,944,3028,1098533,153
2-0.5-M,1,350.021,57925,0.4762,0.4921,0.4286,3.7975,4.8818,5.5599,3.7975,4.1772,5.5599,84,162.148,21465192,4033,3072,961,3072,1113699,153
2-0.5-M,1,355.001,57925,0.3929,0.3175,0.6190,3.4523,4.5950,5.5599,4.1772,5.5599,6.1159,84,164.076,21773640,4088,3117,971,3117,1124041,153
2-0.5-M,1,360.026,57925,0.4643,0.4921,0.3810,3.7975,4.5950,5.5599,3.7975,5.0545,6.1159,84,160.844,22084020,4151,3164,987,3164,1135695,153
2-0.5-M,1,365.025,57925,0.3810,0.3810,0.3810,4.1772,4.5950,6.7275,3.7975,4.5950,5.0545,84,153.890,22394652,4211,3210,1001,3210,1143527,153
2-0.5-M,1,370.010,57925,0.3095,0.3492,0.1905,3.4523,4.1772,5.0545,3.4523,4.5950,5.5599,84,164.365,22702344,4269,3253,1016,3253,1154162,153
2-0.5-M,1,375.017,57925,0.3690,0.3968,0.2857,3.7975,4.5950,5.5599,3.4523,4.5950,5.0545,84,167.006,23012808,4333,3303,1030,3303,1167925,153
2-0.5-M,1,380.004,57925,0.5714,0.5714,0.5714,3.4523,4.5950,5.0545,3.7975,5.0545,6.1159,84,151.744,23322516,4390,3348,1042,3348,1175643,153
2-0.5-M,1,385.012,57925,0.5238,0.5079,0.5714,3.4523,4.1773,5.0545,2.8531,3.7975,6.1159,84,167.135,23633652,4454,3394,1060,3394,1186477,153
2-0.5-M,1,390.008,57925,0.4881,0.5238,0.3810,3.4523,4.1773,5.0545,3.7975,4.5950,6.7275,84,157.473,23943696,4512,3440,1072,3440,1199206,153
2-0.5-M,1,395.003,57925,0.4405,0.4286,0.4762,3.5600,4.1772,5.0545,4.5950,5.5599,6.1159,84,165.019,24253908,4578,3491,1087,3491,1220386,153
2-0.5-M,1,400.029,57925,0.4762,0.4921,0.4286,4.1772,4.5950,6.1159,3.7975,4.1772,5.5599,84,179.348,24565464,4640,3537,1103,3537,1239065,153
2-0.5-M,1,405.017,57925,0.5000,0.4444,0.6667,3.7975,4.5950,5.5599,3.7975,4.1772,5.0545,84,163.463,24873912,4696,3580,1116,3580,1255273,153
2-0.5-M,1,410.011,57925,0.5238,0.4921,0.6190,3.4523,4.1773,5.5599,4.1772,5.0545,6.1159,84,164.135,25183116,4759,3627,1132,3627,1273814,153
2-0.5-M,1,415.023,57925,0.3571,0.3492,0.3810,3.4523,4.1773,5.5599,3.7975,4.5950,5.5599,84,153.058,25493412,4822,3677,1145,3677,1287433,153
2-0.5-M,1,420.018,57925,0.3929,0.3492,0.5238,3.7975,4.5950,5.5599,3.4523,4.5950,5.0545,84,150.783,25800936,4882,3722,1160,3722,1301745,153
2-0.5-M,1,425.010,57925,0.5238,0.5238,0.5238,3.7975,4.5950,5.7335,3.4523,4.1772,5.0545,84,165.491,26110560,4943,3767,1176,3767,1316179,153
2-0.5-M,1,430.009,57925,0.5000,0.4762,0.5714,3.4523,4.1772,5.5599,4.5950,4.5950,5.0545,84,152.150,26419764,5000,3813,1187,3813,1335514,153
2-0.5-M,1,435.004,57925,0.4762,0.4762,0.4762,3.7975,4.5950,6.4217,3.7975,5.0545,6.1159,84,155.441,26728548,5063,3860,1203,3860,1359734,153
2-0.5-M,1,440.023,57925,0.4643,0.4762,0.4286,3.6249,4.5950,6.1159,3.7975,5.5599,6.7275,84,164.802,27036660,5125,3906,1219,3906,1377666,153
2-0.5-M,1,445.016,57925,0.3810,0.3651,0.4286,3.7975,4.5950,5.5599,3.4523,3.7975,5.5599,84,153.966,27342336,5182,3950,1232,3950,1394023,153
2-0.5-M,1,450.006,58037,0.4762,0.5238,0.3333,3.7975,4.1772,5.5599,3.7975,4.5950,5.5599,84,152.726,27649608,5244,3998,1246,3998,1410175,154
2-0.5-M,1,455.024,58037,0.4762,0.4286,0.6190,3.2954,4.5950,5.5599,3.4523,3.7975,4.5950,84,156.025,27955872,5304,4041,1263,4041,1434195,154
2-0.5-M,1,460.019,58037,0.4167,0.4444,0.3333,3.7975,4.5950,5.4650,3.7975,4.5950,5.0545,84,164.389,28260708,5366,4087,1279,4087,1459636,154
2-0.5-M,1,465.018,58037,0.5119,0.5079,0.5238,3.4523,4.1772,5.0545,3.7975,4.1772,5.5599,84,163.445,28567308,5424,4133,1291,4133,1477767,154
2-0.5-M,1,470.016,58037,0.5238,0.5238,0.5238,3.7975,4.5950,5.0545,4.1772,4.5950,5.5599,84,153.645,28875588,5488,4183,1305,4183,1495686,154
2-0.5-M,1,475.010,58037,0.4405,0.4444,0.4286,3.7975,4.5950,5.5599,3.4523,4.5950,6.1159,84,153.312,29183280,5548,4228,1320,4228,1523039,154
2-0.5-M,1,480.005,58037,0.5238,0.4762,0.6667,3.7975,4.5950,5.3072,3.4523,3.7975,5.0545,84,160.776,29492736,5605,4272,1333,4272,1544765,154
2-0.5-M,1,485.026,58037,0.4762,0.4444,0.5714,3.4523,4.1773,5.5599,3.7975,5.5599,6.1159,84,155.805,29802276,5668,4320,1348,4320,1569525,154
2-0.5-M,1,490.007,58037,0.4643,0.4603,0.4762,3.2364,4.5950,5.0545,3.4523,3.7975,4.5950,84,167.432,30110808,5735,4369,1366,4369,1596911,154
2-0.5-M,1,495.005,58037,0.4762,0.4921,0.4286,3.7975,4.5950,5.5599,4.1772,4.5950,5.5599,84,165.724,30418836,5794,4415,1379,4415,1610394,154
2-0.5-M,1,500.021,58037,0.4286,0.4444,0.3810,3.7975,4.5950,5.5599,3.1384,4.5950,6.1159,84,165.876,30728040,5851,4459,1392,4459,1618619,154
2-0.5-M,1,505.005,58037,0.4405,0.4762,0.3333,3.7975,4.5950,5.5599,4.1772,5.0545,6.1159,84,165.752,31037580,5913,4504,1409,4504,1645949,154
2-0.5-M,1,510.007,58037,0.4286,0.4921,0.2381,3.4523,4.1773,5.7335,4.1772,5.0545,5.5599,84,170.992,31348968,5976,4552,1424,4552,1676350,154
2-0.5-M,1,515.026,58037,0.5000,0.5397,0.3810,3.4523,4.4380,5.5599,3.7975,4.1772,5.0545,84,159.982,31658928,6034,4598,1436,4598,1698840,154
2-0.5-M,1,520.013,58037,0.5357,0.5238,0.5714,3.4523,4.1773,5.5599,3.7975,5.0545,5.5599,84,153.501,31966200,6093,4642,1451,4642,1709713,154
2-0.5-M,1,525.009,58037,0.4405,0.4444,0.4286,3.4523,4.1773,5.0545,3.4523,4.1772,5.0545,84,167.583,32275068,6158,4690,1468,4690,1716814,154
2-0.5-M,1,530.004,58037,0.5000,0.4921,0.5238,3.4523,4.1773,5.0545,3.4523,4.5950,6.1159,84,163.610,32583096,6214,4734,1480,4734,1723452,154
2-0.5-M,1,535.016,58037,0.4524,0.4286,0.5238,3.4523,4.5950,5.5599,3.7975,4.1772,5.5599,84,157.021,32891628,6274,4781,1493,4781,1737021,154
2-0.5-M,1,540.007,58037,0.5357,0.5714,0.4286,3.9874,4.5950,6.1159,3.7975,4.5950,5.0545,84,158.433,33200412,6338,4827,1511,4827,1748754,154
2-0.5-M,1,545.002,58037,0.4286,0.4444,0.3810,4.1772,4.5950,6.1159,4.1772,5.0545,6.1159,84,170.300,33509784,6402,4877,1525,4877,1761430,154
2-0.5-M,1,550.029,58037,0.6071,0.6032,0.6190,3.7975,4.5950,5.5599,3.7975,4.1772,5.0545,84,157.063,33818904,6459,4923,1536,4923,1770713,154
2-0.5-M,1,555.019,58037,0.4286,0.4603,0.3333,3.7975,5.0545,6.1159,3.4523,4.5950,5.5599,84,166.509,34127100,6521,4966,1555,4966,1792928,154
2-0.5-M,1,560.022,58037,0.4524,0.4603,0.4286,3.5600,4.1773,5.5599,3.7975,5.0545,5.5599,84,169.844,34436724,6584,5014,1570,5014,1809190,154
2-0.5-M,1,565.017,58037,0.3571,0.3492,0.3810,3.4523,4.1773,5.0545,3.4523,5.0545,5.5599,84,153.374,34747608,6644,5063,1581,5063,1830487,154
2-0.5-M,1,570.008,58037,0.4524,0.4286,0.5238,3.7975,4.5950,5.5599,4.1772,4.5950,5.0545,84,153.404,35057232,6704,5108,1596,5108,1850420,154
2-0.5-M,1,575.020,58037,0.4881,0.4921,0.4762,3.4523,4.5950,5.0545,4.1772,4.5950,5.5599,84,165.677,35365092,6767,5153,1614,5153,1868279,154
2-0.5-M,1,580.013,58037,0.4524,0.4762,0.3810,3.4523,4.1773,5.3072,3.1384,3.4523,4.5950,84,162.205,35673792,6829,5201,1628,5201,1877320,154
2-0.5-M,1,585.011,58037,0.5000,0.4921,0.5238,3.4523,4.5950,6.1159,4.1772,4.5950,7.4002,84,154.975,35983080,6887,5247,1640,5247,1888798,154
2-0.5-M,1,590.004,58037,0.5119,0.4921,0.5714,3.7975,4.5950,5.5599,4.1772,5.0545,6.7275,84,156.248,36291024,6951,5294,1657,5294,1902750,154
2-0.5-M,1,595.024,58037,0.5238,0.5238,0.5238,4.1772,5.0545,5.7335,3.4523,5.0545,6.7275,84,159.897,36600900,7010,5339,1671,5339,1913153,154
6-0.75-P,1,5.026,349883,0.5833,0.6349,0.4286,3.7975,4.5950,5.5599,3.7975,3.7975,5.0545,84,155.026,462504,0,0,0,0,4241,23
6-0.75-P,1,10.002,350017,0.4524,0.4444,0.4762,4.1772,5.0545,5.5599,4.1772,5.0545,5.5599,84,155.015,863100,32,22,10,22,9010,26
6-0.75-P,1,15.009,350017,0.4405,0.4444,0.4286,4.1772,5.0545,6.1159,4.1772,5.0545,6.1159,84,159.526,1267308,87,62,25,62,11894,26
6-0.75-P,1,20.009,350017,0.4643,0.4286,0.5714,4.1772,5.0545,6.1159,4.1772,5.0545,6.7275,84,164.038,1669584,147,107,40,107,12988,26
6-0.75-P,1,25.025,350081,0.4405,0.4921,0.2857,3.7975,4.5950,5.5599,3.7975,5.5599,6.7275,84,157.672,2074380,213,159,54,159,25951,27
6-0.75-P,1,30.029,350534,0.6071,0.5873,0.6667,3.7975,5.0545,6.1159,3.7975,4.5950,6.1159,84,163.860,2475312,284,212,72,212,34438,29
6-0.75-P,1,35.017,350534,0.4762,0.5079,0.3810,3.7975,5.0545,6.7275,4.1772,5.0545,5.5599,84,155.429,2877504,360,272,88,272,39517,29
6-0.75-P,1,40.028,350534,0.5476,0.5714,0.4762,4.1772,5.0545,6.1159,3.1384,4.5950,5.0545,84,176.164,3281880,436,329,107,329,41305,29
6-0.75-P,1,45.009,350534,0.4286,0.4127,0.4762,3.9874,5.0545,6.1159,3.7975,4.5950,5.5599,84,170.388,3684156,513,391,122,391,44812,29
6-0.75-P,1,50.001,350534,0.5119,0.5238,0.4762,4.1772,5.5599,6.7275,4.1772,5.0545,5.5599,84,156.408,4087272,589,450,139,450,48972,29
6-0.75-P,1,55.009,350534,0.5476,0.5079,0.6667,4.1772,5.0545,5.8379,3.4523,4.5950,5.5599,84,157.109,4490136,667,510,157,510,53632,29
6-0.75-P,1,60.024,350534,0.4881,0.5079,0.4286,4.1772,4.5950,5.8379,3.4523,4.1772,6.1159,84,162.745,4894848,749,573,176,573,63323,29
6-0.75-P,1,65.019,350534,0.4048,0.3810,0.4762,4.1772,5.0545,6.7275,4.5950,5.0545,5.5599,84,168.985,5296956,823,630,193,630,70256,29
6-0.75-P,1,70.026,350534,0.4643,0.4762,0.4286,3.7975,4.5950,6.4217,3.7975,4.1772,5.5599,84,169.380,5700744,901,689,212,689,99951,29
6-0.75-P,1,75.008,350534,0.5119,0.5397,0.4286,3.7975,5.0545,5.5599,3.7975,4.1772,5.5599,84,155.515,6103356,979,749,230,749,118133,29
6-0.75-P,1,80.024,350534,0.4167,0.4286,0.3810,4.1772,4.5950,6.1159,4.1772,4.5950,5.0545,84,173.002,6508320,1060,811,249,811,143145,29
6-0.75-P,1,85.002,350534,0.3929,0.4127,0.3333,3.7975,4.5950,6.1159,4.5950,5.0545,6.1159,84,164.151,6909420,1139,873,266,873,151843,29
6-0.75-P,1,90.008,350641,0.4167,0.4127,0.4286,3.7975,5.0545,6.1159,4.1772,5.0545,5.5599,84,172.188,7312872,1214,931,283,931,164889,30
6-0.75-P,1,95.015,350641,0.4643,0.4444,0.5238,4.1772,5.0545,6.1159,4.5950,6.7275,6.7275,84,168.678,7716492,1291,992,299,992,177564,30
6-0.75-P,1,100.020,350641,0.4643,0.4762,0.4286,4.1772,4.5950,6.1159,3.7975,4.5950,5.0545,84,157.062,8120616,1369,1051,318,1051,188123,30
6-0.75-P,1,105.024,350641,0.4762,0.4921,0.4286,3.7975,5.0545,6.1159,4.5950,5.5599,6.7275,84,170.065,8523648,1446,1110,336,1110,205941,30
6-0.75-P,1,110.019,350641,0.4643,0.4444,0.5238,3.9874,5.0545,6.1159,4.1772,5.0545,6.1159,84,173.840,8926680,1524,1170,354,1170,215231,30
6-0.75-P,1,115.008,350641,0.4286,0.3810,0.5714,4.1772,5.0545,5.5599,3.7975,5.0545,5.5599,84,152.133,9330132,1597,1228,369,1228,230557,30
6-0.75-P,1,120.016,350698,0.4524,0.4444,0.4762,3.7975,5.5599,6.1159,3.7975,5.0545,6.1159,84,172.342,9733416,1674,1284,390,1284,250914,31
6-0.75-P,1,125.001,350698,0.4286,0.4127,0.4762,3.7975,4.5950,5.8379,4.5950,4.5950,5.5599,84,157.566,10135608,1754,1347,407,1347,275193,31
6-0.75-P,1,130.014,350698,0.4167,0.4444,0.3333,3.7975,5.0545,6.1159,3.7975,4.5950,6.7275,84,166.915,10540824,1828,1404,424,1404,287552,31
6-0.75-P,1,135.001,350698,0.4762,0.4444,0.5714,4.1772,5.0545,5.5599,4.1772,5.0545,7.4002,84,166.654,10941756,1905,1464,441,1464,297702,31
6-0.75-P,1,140.012,350698,0.3810,0.3175,0.5714,4.3861,5.0545,6.4217,4.1772,5.5599,7.4002,84,188.841,11345040,1983,1522,461,1522,308754,31
6-0.75-P,1,145.015,350698,0.5119,0.5238,0.4762,3.7975,4.5950,5.5599,3.7975,5.0545,5.5599,84,174.209,11748828,2058,1582,476,1582,316435,31
6-0.75-P,1,150.005,350698,0.4881,0.4603,0.5714,3.9874,5.0545,6.1159,4.1772,5.0545,6.1159,84,154.241,12152364,2139,1644,495,1644,334842,31
6-0.75-P,1,155.016,350698,0.5238,0.5556,0.4286,3.6249,4.5950,5.8379,3.4523,4.5950,6.1159,84,167.984,12557160,2221,1705,516,1705,345927,31
6-0.75-P,1,160.006,350959,0.5000,0.4921,0.5238,4.1772,4.5950,6.1159,4.1772,4.5950,6.1159,84,164.332,12958428,2300,1766,534,1766,354029,33
6-0.75-P,1,165.008,350959,0.5119,0.5714,0.3333,3.9874,4.5950,5.5599,4.1772,5.0545,5.5599,84,163.951,13362132,2382,1829,553,1829,367394,33
6-0.75-P,1,170.000,350959,0.4048,0.4444,0.2857,3.6249,4.5950,6.7275,3.4523,4.5950,6.1159,84,166.305,13765500,2462,1889,573,1889,380716,33
6-0.75-P,1,175.018,350959,0.3571,0.3492,0.3810,4.1772,5.0545,5.8379,3.4523,4.5950,6.7275,84,173.385,14170716,2542,1951,591,1951,387666,33
6-0.75-P,1,180.008,350959,0.4167,0.4603,0.2857,3.7975,4.5950,6.1159,3.7975,5.0545,5.5599,84,181.185,14573916,2624,2014,610,2014,390473,33
6-0.75-P,1,185.021,350959,0.5595,0.6032,0.4286,3.7975,4.5950,5.5599,3.7975,4.5950,6.7275,84,183.076,14978544,2699,2072,627,2072,404221,33
6-0.75-P,1,190.027,350959,0.5000,0.4762,0.5714,3.6249,5.0545,5.5599,4.1772,5.0545,5.5599,84,157.980,15382416,2775,2132,643,2132,414188,33
6-0.75-P,1,195.010,350959,0.5000,0.4921,0.5238,3.7975,4.5950,5.3072,3.7975,4.5950,5.5599,84,166.245,15784608,2857,2194,663,2194,421373,33
6-0.75-P,1,200.029,350959,0.4762,0.4921,0.4286,3.7975,4.5950,5.3072,3.7975,4.5950,6.1159,84,159.569,16190076,2939,2256,683,2256,432150,33
6-0.75-P,1,205.014,350959,0.3571,0.3810,0.2857,3.7975,5.0545,6.1159,4.5950,5.0545,6.1159,84,179.412,16592604,3020,2318,702,2318,440610,33
6-0.75-P,1,210.001,350959,0.3690,0.3810,0.3333,3.9874,5.5599,6.4217,3.4523,5.0545,6.1159,84,163.345,16994964,3100,2379,721,2379,451992,33
6-0.75-P,1,215.009,350959,0.4286,0.4762,0.2857,3.4523,4.5950,5.0545,3.7975,5.0545,6.7275,84,170.616,17398500,3177,2438,739,2438,461608,33
6-0.75-P,1,220.004,350959,0.5119,0.5238,0.4762,3.7975,4.5950,5.5599,4.5950,5.0545,6.7275,84,170.979,17801112,3257,2499,758,2499,472676,33
6-0.75-P,1,225.012,350959,0.4762,0.4921,0.4286,4.1773,5.0545,6.1159,4.5950,4.5950,5.0545,84,168.217,18204228,3332,2558,774,2558,482629,33
6-0.75-P,1,230.022,350959,0.5000,0.5079,0.4762,3.9874,5.0545,6.1159,4.1772,5.0545,5.5599,84,163.914,18607932,3409,2618,791,2618,483727,33
6-0.75-P,1,235.001,350959,0.4643,0.4603,0.4762,4.1772,5.0545,6.1159,3.7975,4.5950,6.7275,84,159.338,19007772,3485,2675,810,2675,495940,33
6-0.75-P,1,240.002,350959,0.4762,0.5397,0.2857,3.7975,4.5950,5.5599,4.1772,4.5950,5.5599,84,159.906,19408956,3563,2733,830,2733,509063,33
6-0.75-P,1,245.028,350959,0.5119,0.4921,0.5714,3.7975,4.5950,5.5599,3.7975,4.5950,5.5599,84,168.113,19812324,3646,2796,850,2796,517161,33
6-0.75-P,1,250.002,350959,0.5595,0.5873,0.4762,4.1772,5.5599,6.1159,4.5950,5.0545,6.1159,84,160.456,20213340,3722,2853,869,2853,524235,33
6-0.75-P,1,255.019,350959,0.4762,0.4921,0.4286,3.9874,5.0545,6.1159,3.4523,4.5950,5.5599,84,180.390,20616120,3800,2912,888,2912,532943,33
6-0.75-P,1,260.013,350959,0.4524,0.4921,0.3333,3.6249,5.0545,6.1159,4.1772,4.5950,5.0545,84,172.808,21018312,3875,2970,905,2970,546097,33
6-0.75-P,1,265.021,350959,0.5476,0.5397,0.5714,3.7975,4.5950,5.5599,4.1772,4.5950,5.5599,84,158.836,21422520,3954,3030,924,3030,556677,33
6-0.75-P,1,270.001,350959,0.4405,0.3968,0.5714,3.7975,4.5950,5.5599,3.7975,4.1772,5.5599,84,167.734,21823536,4032,3090,942,3090,563103,33
6-0.75-P,1,275.002,350959,0.4762,0.4762,0.4762,3.7975,5.0545,5.5599,3.4523,4.5950,5.0545,84,166.377,22226988,4113,3153,960,3153,578028,33
6-0.75-P,1,280.019,350959,0.4405,0.4762,0.3333,4.1772,5.0545,6.1159,4.1772,5.0545,6.1159,84,156.576,22631616,4192,3215,977,3215,590438,33
6-0.75-P,1,285.016,350959,0.3810,0.3810,0.3810,3.9874,4.5950,6.1159,3.7975,5.0545,6.1159,84,156.550,23032884,4275,3278,997,3278,601867,33
6-0.75-P,1,290.007,350959,0.5595,0.4921,0.7619,3.9874,5.0545,6.7275,4.5950,6.1159,7.4002,84,159.450,23435244,4354,3337,1017,3337,614469,33
6-0.75-P,1,295.026,350959,0.5000,0.5079,0.4762,4.1772,5.0545,6.1159,4.5950,5.5599,8.1403,84,168.517,23840376,4436,3400,1036,3400,624074,33
6-0.75-P,1,300.009,350959,0.4167,0.4444,0.3333,3.7975,4.5950,6.1159,3.4523,5.0545,5.5599,84,183.662,24242148,4512,3459,1053,3459,635020,33
6-0.75-P,1,305.008,350959,0.4643,0.3810,0.7143,4.1772,5.0545,6.1159,4.5950,5.0545,6.7275,84,167.132,24645348,4590,3519,1071,3519,642018,33
6-0.75-P,1,310.017,350959,0.4881,0.4286,0.6667,3.7975,4.5950,5.5599,4.5950,6.1159,6.7275,84,154.616,25048464,4669,3581,1088,3581,658672,33
6-0.75-P,1,315.007,350959,0.4881,0.5556,0.2857,3.7975,4.5950,6.1159,3.7975,4.1772,5.5599,84,175.404,25452000,4751,3642,1109,3642,678412,33
6-0.75-P,1,320.022,350959,0.5476,0.5397,0.5714,3.6249,5.0545,5.8379,4.1772,4.5950,5.5599,84,166.027,25856124,4830,3704,1126,3704,683769,33
6-0.75-P,1,325.023,350959,0.5119,0.5397,0.4286,3.4523,4.5950,6.1159,3.4523,3.7975,5.5599,84,156.373,26258484,4913,3767,1146,3767,689566,33
6-0.75-P,1,330.018,350959,0.4286,0.4603,0.3333,4.1772,5.0545,5.5599,4.5950,5.0545,6.7275,84,178.109,26659332,4991,3825,1166,3825,694686,33
6-0.75-P,1,335.023,350959,0.5238,0.5556,0.4286,4.1772,4.5950,6.1159,3.7975,4.5950,5.0545,84,168.766,27060516,5069,3885,1184,3885,702262,33
6-0.75-P,1,340.007,350959,0.3095,0.3175,0.2857,3.9874,4.5950,5.5599,3.4523,6.1159,6.1159,84,158.269,27461448,5147,3944,1203,3944,722079,33
6-0.75-P,1,345.018,350959,0.5119,0.4921,0.5714,3.9874,5.0545,6.4217,4.1772,5.5599,7.4002,84,160.618,27864396,5227,4004,1223,4004,727626,33
6-0.75-P,1,350.004,350959,0.4762,0.5079,0.3810,4.1772,5.0545,6.1159,4.1772,4.5950,5.5599,84,186.331,28267680,5304,4062,1242,4062,728831,33
6-0.75-P,1,355.007,350959,0.4643,0.4603,0.4762,3.7975,5.0545,5.5599,3.1384,4.1772,5.5599,84,172.516,28670376,5378,4120,1258,4120,738266,33
6-0.75-P,1,360.019,350959,0.5000,0.5238,0.4286,3.7975,5.0545,6.1159,4.1772,5.0545,7.4002,84,175.596,29073072,5459,4182,1277,4182,742624,33
6-0.75-P,1,365.009,350959,0.4048,0.3810,0.4762,4.3861,5.5599,6.1159,3.7975,4.5950,6.7275,84,168.018,29475936,5533,4239,1294,4239,754096,33
6-0.75-P,1,370.012,350959,0.4643,0.4762,0.4286,3.9874,5.0545,6.4217,3.7975,4.5950,5.5599,84,164.851,29879976,5613,4300,1313,4300,777611,33
6-0.75-P,1,375.007,350959,0.4762,0.5079,0.3810,3.7975,5.5599,6.7275,4.1772,5.0545,6.1159,84,156.310,30283344,5689,4359,1330,4359,786045,33
6-0.75-P,1,380.016,350959,0.4643,0.4603,0.4762,3.7975,5.0545,5.5599,3.7975,4.1772,6.1159,84,164.961,30687888,5767,4417,1350,4417,792406,33
6-0.75-P,1,385.023,350959,0.4286,0.4127,0.4762,3.7975,4.5950,6.1159,3.7975,4.5950,5.0545,84,158.062,31091592,5848,4478,1370,4478,800063,33
6-0.75-P,1,390.005,350959,0.4286,0.4286,0.4286,4.1772,5.0545,5.8379,3.4523,4.5950,5.5599,84,171.185,31493028,5929,4539,1390,4539,809445,33
6-0.75-P,1,395.021,350959,0.5357,0.5556,0.4762,4.1772,4.5950,5.3072,4.1772,4.5950,5.0545,84,161.710,31897824,6008,4601,1407,4601,818959,33
6-0.75-P,1,400.004,350959,0.4881,0.5238,0.3810,3.7975,4.5950,6.1159,3.4523,5.0545,6.7275,84,177.181,32300184,6091,4664,1427,4664,831510,33
6-0.75-P,1,405.010,350959,0.5119,0.5714,0.3333,4.1772,4.5950,5.8379,4.1772,5.5599,6.1159,84,183.365,32702964,6169,4724,1445,4724,839203,33
6-0.75-P,1,410.024,350959,0.5119,0.5397,0.4286,3.7975,4.5950,6.1159,4.1772,5.5599,6.7275,84,167.746,33108600,6248,4786,1462,4786,856530,33
6-0.75-P,1,415.001,350959,0.4524,0.3968,0.6190,4.1772,4.5950,6.1159,3.7975,4.5950,6.1159,84,175.948,33509448,6329,4849,1480,4849,867160,33
6-0.75-P,1,420.028,350959,0.4405,0.3968,0.5714,4.1059,4.5950,6.1159,4.1772,5.0545,6.1159,84,156.801,33915420,6404,4907,1497,4907,871143,33
6-0.75-P,1,425.017,350959,0.4286,0.4444,0.3810,3.7975,4.5950,5.5599,4.5950,5.5599,6.7275,84,159.914,34318788,6484,4967,1517,4967,882502,33
6-0.75-P,1,430.021,350959,0.5595,0.5397,0.6190,3.9874,5.0545,6.7275,4.5950,5.0545,5.5599,84,153.922,34722408,6567,5030,1537,5030,889482,33
6-0.75-P,1,435.006,350959,0.5357,0.5714,0.4286,3.7975,4.5950,5.5599,4.1772,5.0545,6.1159,84,168.177,35124096,6649,5091,1558,5091,898502,33
6-0.75-P,1,440.008,350959,0.4167,0.4286,0.3810,3.7975,4.5950,6.1159,4.5950,5.0545,5.5599,84,170.165,35527884,6729,5153,1576,5153,916964,33
6-0.75-P,1,445.016,350959,0.6310,0.6508,0.5714,3.7975,5.0545,6.1159,4.1772,5.0545,5.5599,84,173.552,35931924,6807,5213,1594,5213,940435,33
6-0.75-P,1,450.002,350959,0.4881,0.4603,0.5714,3.4523,4.5950,5.8379,4.1772,5.0545,5.5599,84,163.932,36333696,6884,5273,1611,5273,943232,33
6-0.75-P,1,455.014,350959,0.4881,0.5238,0.3810,3.7975,5.0545,6.7275,3.7975,5.5599,6.7275,84,161.230,36737904,6965,5335,1630,5335,952153,33
6-0.75-P,1,460.013,350959,0.4524,0.4603,0.4286,4.1772,4.5950,6.1159,4.5950,5.0545,5.5599,84,166.287,37140096,7043,5393,1650,5393,953038,33
6-0.75-P,1,465.014,350959,0.4881,0.4921,0.4762,3.7975,5.0545,6.1159,3.7975,4.5950,6.1159,84,181.930,37543296,7121,5453,1668,5453,961410,33
6-0.75-P,1,470.005,350959,0.4524,0.4286,0.5238,3.9874,4.5950,5.5599,5.0545,5.5599,5.5599,84,169.259,37945320,7196,5511,1685,5511,967567,33
6-0.75-P,1,475.012,350959,0.5357,0.5556,0.4762,3.7975,5.0545,6.1159,3.1384,4.1772,5.5599,84,155.859,38349024,7274,5569,1705,5569,967567,33
6-0.75-P,1,480.011,350959,0.4881,0.5079,0.4286,4.1772,4.5950,6.1159,4.5950,5.0545,5.5599,84,171.008,38752140,7356,5631,1725,5631,972354,33
6-0.75-P,1,485.025,350959,0.5476,0.6190,0.3333,3.7975,4.5950,5.5599,4.5950,5.0545,5.5599,84,178.668,39156432,7433,5690,1743,5690,980323,33
6-0.75-P,1,490.023,350959,0.4762,0.4762,0.4762,4.1772,5.0545,6.1159,4.1772,5.0545,6.7275,84,174.997,39559968,7511,5749,1762,5749,999077,33
6-0.75-P,1,495.002,350959,0.4405,0.4603,0.3810,3.7975,5.0545,6.4217,4.1772,5.0545,7.4002,84,152.145,39960648,7587,5808,1779,5808,1012844,33
6-0.75-P,1,500.022,350959,0.5119,0.5238,0.4762,3.7975,4.5950,6.1159,4.1772,4.5950,6.1159,84,154.462,40365696,7666,5866,1800,5866,1034255,33
6-0.75-P,1,505.014,350959,0.5000,0.4603,0.6190,3.7975,4.5950,5.8379,4.1772,5.0545,6.1159,84,174.839,40769568,7746,5927,1819,5927,1045977,33
6-0.75-P,1,510.024,350959,0.5000,0.4921,0.5238,4.1772,5.0545,6.7275,4.1772,5.5599,6.1159,84,189.828,41173104,7825,5988,1837,5988,1052541,33
6-0.75-P,1,515.007,350959,0.5119,0.4921,0.5714,3.7975,4.5950,5.5599,3.7975,4.5950,5.5599,84,174.117,41575212,7904,6050,1854,6050,1056840,33
6-0.75-P,1,520.018,350959,0.4286,0.4127,0.4762,4.1772,4.5950,6.1159,4.5950,5.0545,6.1159,84,160.471,41979084,7986,6113,1873,6113,1059900,33
6-0.75-P,1,525.007,350959,0.4762,0.4286,0.6190,4.1772,4.5950,5.5599,3.7975,5.0545,6.1159,84,158.984,42382200,8066,6173,1893,6173,1076222,33
6-0.75-P,1,530.020,350959,0.4762,0.4921,0.4286,3.7975,4.5950,5.5599,4.5950,5.0545,7.4002,84,194.181,42786996,8148,6235,1913,6235,1082531,33
6-0.75-P,1,535.001,350959,0.4524,0.4127,0.5714,3.7975,4.5950,6.1159,3.7975,4.5950,6.1159,84,152.959,43188348,8224,6298,1926,6298,1087625,33
6-0.75-P,1,540.024,350959,0.4286,0.4444,0.3810,3.7975,4.5950,5.8379,3.7975,5.0545,6.7275,84,161.742,43593732,8303,6356,1947,6356,1099640,33
6-0.75-P,1,545.018,350959,0.4881,0.4762,0.5238,3.7975,4.5950,5.5599,3.7975,4.5950,5.0545,84,157.797,43997352,8383,6416,1967,6416,1110229,33
6-0.75-P,1,550.002,350959,0.4881,0.5238,0.3810,3.7975,5.0545,6.4217,4.1772,4.5950,5.5599,84,177.888,44400132,8465,6478,1987,6478,1112522,33
6-0.75-P,1,555.000,350959,0.4881,0.5238,0.3810,3.7975,4.5950,5.5599,4.1772,4.5950,5.0545,84,179.960,44802072,8544,6540,2004,6540,1116098,33
6-0.75-P,1,560.012,350959,0.3810,0.3810,0.3810,4.5950,5.0545,6.1159,4.1772,4.5950,5.5599,84,172.750,45206112,8623,6602,2021,6602,1130574,33
6-0.75-P,1,565.025,350959,0.4286,0.4603,0.3333,4.1772,5.0545,6.1159,5.0545,6.1159,8.1403,84,161.844,45610824,8704,6664,2040,6664,1141423,33
6-0.75-P,1,570.024,350959,0.5357,0.5397,0.5238,3.7975,4.5950,5.3072,4.5950,5.5599,6.7275,84,171.488,46013940,8782,6722,2060,6722,1154650,33
6-0.75-P,1,575.009,350959,0.4881,0.5397,0.3333,3.4523,5.0545,6.1159,5.0545,6.1159,7.4002,84,166.909,46416636,8863,6784,2079,6784,1158066,33
6-0.75-P,1,580.017,350959,0.4405,0.5079,0.2381,3.7975,5.0545,5.8379,4.1772,5.0545,6.1159,84,183.138,46821012,8940,6843,2097,6843,1164040,33
6-0.75-P,1,585.005,350959,0.5238,0.5238,0.5238,3.9874,5.0545,6.1159,3.7975,4.1772,6.1159,84,166.543,47223540,9018,6903,2115,6903,1185099,33
6-0.75-P,1,590.016,350959,0.4643,0.4444,0.5238,4.1772,5.0545,6.7275,3.7975,4.5950,5.5599,84,166.116,47628252,9096,6961,2135,6961,1190153,33
6-0.75-P,1,595.004,350959,0.5000,0.5079,0.4762,3.7975,4.5950,6.1159,4.1772,4.5950,5.5599,84,186.101,48028848,9172,7018,2154,7018,1197495,33
3-0.75-M,1,5.027,37257,0.4524,0.4286,0.5238,3.7975,4.5950,5.8379,3.4523,4.5950,5.5599,84,163.864,463680,0,0,0,0,3059,7
3-0.75-M,1,10.028,37299,0.5119,0.4762,0.6190,3.7975,4.5950,5.0545,3.7975,4.1772,5.0545,84,166.209,868476,50,39,11,39,8221,8
3-0.75-M,1,15.003,37496,0.5476,0.5079,0.6667,3.7975,5.0545,6.1159,4.1772,4.5950,6.1159,84,178.228,1270500,113,86,27,86,15370,9
3-0.75-M,1,20.027,37496,0.5119,0.5397,0.4286,3.7975,4.5950,5.0545,3.7975,4.5950,5.0545,84,177.009,1676472,183,142,41,142,28428,9
3-0.75-M,1,25.026,37496,0.5595,0.5714,0.5238,3.6249,4.5950,5.5599,4.1772,5.0545,6.1159,84,172.505,2080008,255,200,55,200,42010,9
3-0.75-M,1,30.018,37496,0.5119,0.5079,0.5238,3.7975,5.0545,6.1159,3.7975,4.1773,5.0545,84,172.097,2483796,329,257,72,257,43368,9
3-0.75-M,1,35.015,37496,0.5357,0.5714,0.4286,3.7975,4.5950,6.1159,3.4523,4.5950,5.5599,84,183.458,2887752,403,313,90,313,48687,9
3-0.75-M,1,40.010,37496,0.4643,0.4921,0.3810,3.7975,4.5950,5.5599,3.1384,4.5950,5.5599,84,164.940,3291876,481,375,106,375,59782,9
3-0.75-M,1,45.005,37583,0.5000,0.5397,0.3810,3.7975,4.5950,6.7275,3.7975,4.5950,5.0545,84,167.822,3696168,561,436,125,436,69438,10
3-0.75-M,1,50.007,37583,0.4643,0.4921,0.3810,3.9874,4.5950,6.1159,4.1772,5.5599,6.7275,84,196.715,4101636,636,492,144,492,79190,10
3-0.75-M,1,55.005,37583,0.5000,0.4762,0.5714,3.7975,4.5950,5.5599,3.7975,4.5950,5.5599,84,176.564,4505676,708,550,158,550,84217,10
3-0.75-M,1,60.027,37634,0.5000,0.5714,0.2857,3.6249,4.5950,5.5599,3.7975,5.0545,6.1159,84,183.758,4910472,787,610,177,610,88582,11
3-0.75-M,1,65.025,37634,0.4405,0.3810,0.6190,3.7975,4.5950,6.1159,4.1772,4.5950,5.0545,84,170.382,5314008,865,671,194,671,110464,11
3-0.75-M,1,70.020,37634,0.5000,0.5079,0.4762,4.1772,5.0545,6.1159,3.4523,4.5950,5.0545,84,176.347,5716704,943,731,212,731,121358,11
3-0.75-M,1,75.008,37634,0.4167,0.4762,0.2381,3.7975,4.5950,5.5599,3.4523,4.1772,5.5599,84,197.261,6119736,1021,791,230,791,136399,11
3-0.75-M,1,80.023,37634,0.4286,0.4444,0.3810,3.7975,4.5950,5.5599,3.4523,4.1772,5.0545,84,160.713,6524364,1094,849,245,849,152577,11
3-0.75-M,1,85.019,37634,0.4524,0.4603,0.4286,3.7975,4.5950,5.5599,4.1772,4.5950,5.0545,84,175.453,6927228,1171,905,266,905,171328,11
3-0.75-M,1,90.027,37634,0.5000,0.4921,0.5238,3.7975,4.5950,6.1159,3.7975,5.0545,6.7275,84,168.910,7331772,1250,964,286,964,183031,11
3-0.75-M,1,95.024,37634,0.4643,0.4444,0.5238,3.7975,4.5950,6.1159,3.4523,3.7975,4.5950,84,176.220,7737156,1332,1026,306,1026,190702,11
3-0.75-M,1,100.024,37691,0.4643,0.4603,0.4762,3.6249,4.5950,5.8379,4.5950,5.5599,6.7275,84,164.215,8141280,1411,1088,323,1088,202551,13
3-0.75-M,1,105.024,37691,0.4286,0.4444,0.3810,4.1772,5.0545,6.1159,3.4523,4.1772,5.5599,84,185.628,8545656,1495,1151,344,1151,213702,13
3-0.75-M,1,110.013,37691,0.4762,0.4921,0.4286,3.4523,4.5950,5.5599,4.1772,5.0545,5.0545,84,166.035,8949192,1573,1211,362,1211,228521,13
3-0.75-M,1,115.017,37691,0.5000,0.4921,0.5238,3.7975,4.5950,5.5599,3.7975,4.1772,5.0545,84,170.697,9355836,1653,1273,380,1273,253833,13
3-0.75-M,1,120.016,37691,0.4524,0.4444,0.4762,3.7975,4.5950,5.5599,4.1772,4.5950,6.1159,84,189.245,9760632,1733,1334,399,1334,268665,13
3-0.75-M,1,125.009,37691,0.4762,0.4762,0.4762,3.7975,4.5950,5.5599,4.1772,5.0545,6.1159,84,167.534,10162152,1809,1396,413,1396,273905,13
3-0.75-M,1,130.007,37691,0.5476,0.5397,0.5714,3.6249,4.5950,5.5599,4.1772,5.0545,5.5599,84,160.703,10567116,1889,1457,432,1457,292876,13
3-0.75-M,1,135.015,37691,0.5119,0.5556,0.3810,3.7975,4.5950,5.5599,3.7975,4.5950,6.1159,84,177.568,10973592,1968,1518,450,1518,301449,13
3-0.75-M,1,140.021,37691,0.4762,0.5238,0.3333,3.2954,4.5950,6.1159,3.4523,4.5950,5.5599,84,169.941,11377716,2047,1579,468,1579,313701,13
3-0.75-M,1,145.016,37691,0.5476,0.5397,0.5714,3.7975,4.5950,5.5599,3.7975,5.0545,6.1159,84,166.473,11780748,2129,1641,488,1641,317693,13
3-0.75-M,1,150.010,37691,0.5952,0.6349,0.4762,3.7975,4.5950,5.5599,4.1772,4.5950,6.1159,84,164.309,12185796,2209,1700,509,1700,330068,13
3-0.75-M,1,155.001,37691,0.4524,0.4127,0.5714,4.5950,5.0545,6.4217,4.1772,5.0545,6.1159,84,182.121,12590340,2287,1759,528,1759,348040,13
3-0.75-M,1,160.027,37691,0.5000,0.4921,0.5238,3.4523,4.5950,5.8379,4.1772,4.5950,5.5599,84,184.175,12996060,2364,1817,547,1817,350010,13
3-0.75-M,1,165.021,37691,0.4881,0.4603,0.5714,3.7975,5.0545,5.8379,3.7975,4.5950,5.5599,84,172.240,13400856,2443,1879,564,1879,353701,13
3-0.75-M,1,170.016,37691,0.5000,0.5714,0.2857,3.7975,4.5950,6.1159,3.7975,4.5950,5.5599,84,204.458,13806240,2522,1940,582,1940,356148,13
3-0.75-M,1,175.017,37691,0.5714,0.5873,0.5238,4.1772,5.0545,5.5599,3.7975,5.0545,6.1159,84,173.083,14211540,2599,2002,597,2002,364780,13
3-0.75-M,1,180.014,37691,0.4643,0.4762,0.4286,3.7975,4.1772,5.5599,3.7975,5.0545,5.5599,84,167.166,14615916,2674,2057,617,2057,370338,13
3-0.75-M,1,185.011,37691,0.5357,0.5714,0.4286,3.7975,4.5950,5.5599,4.1772,4.5950,6.1159,84,187.510,15020124,2754,2118,636,2118,381213,13
3-0.75-M,1,190.009,37691,0.5238,0.5079,0.5714,3.9874,4.5950,5.5599,4.1772,4.1772,6.1159,84,162.973,15424332,2832,2179,653,2179,384374,13
3-0.75-M,1,195.007,37691,0.4524,0.5079,0.2857,3.7975,5.0545,5.5599,3.7975,5.0545,5.5599,84,165.266,15828456,2913,2239,674,2239,396458,13
3-0.75-M,1,200.013,37691,0.4524,0.4127,0.5714,3.9874,4.5950,5.5599,3.7975,5.0545,6.7275,84,165.923,16235352,2997,2302,695,2302,416624,13
3-0.75-M,1,205.017,37743,0.5119,0.5397,0.4286,4.1772,5.0545,5.5599,3.7975,4.5950,6.1159,84,170.447,16639560,3076,2362,714,2362,429260,14
3-0.75-M,1,210.017,37743,0.3452,0.3651,0.2857,4.1772,5.0545,6.7275,3.7975,4.5950,5.5599,84,187.920,17045616,3152,2419,733,2419,435014,14
3-0.75-M,1,215.012,37743,0.5357,0.5556,0.4762,3.4523,4.5950,5.5599,3.1384,3.7975,5.0545,84,181.648,17449992,3228,2478,750,2478,446186,14
3-0.75-M,1,220.015,37743,0.5119,0.5238,0.4762,4.1772,5.0545,5.5599,4.5950,5.0545,6.7275,84,177.972,17855880,3306,2538,768,2538,459373,14
3-0.75-M,1,225.008,37743,0.5476,0.6190,0.3333,3.7975,4.5950,5.8379,4.1772,5.0545,5.5599,84,181.469,18259248,3384,2599,785,2599,465140,14
3-0.75-M,1,230.006,37743,0.4167,0.3968,0.4762,3.9874,5.0545,6.1159,3.7975,5.0545,6.7275,84,175.966,18663456,3464,2661,803,2661,471410,14
3-0.75-M,1,235.008,37814,0.5238,0.5238,0.5238,3.4523,4.1773,5.3072,3.4523,5.0545,6.1159,84,172.178,19067664,3544,2722,822,2722,485710,15
3-0.75-M,1,240.009,37838,0.4286,0.4127,0.4762,3.7975,4.5950,5.5599,3.7975,4.5950,6.7275,84,164.147,19472208,3622,2781,841,2781,500009,16
3-0.75-M,1,245.008,37838,0.5119,0.4921,0.5714,4.1772,5.0545,5.5599,4.1772,4.1772,5.5599,84,161.791,19877088,3706,2844,862,2844,520563,16
3-0.75-M,1,250.024,37880,0.4405,0.4286,0.4762,3.7975,5.0545,5.8379,3.4523,4.1772,5.0545,84,167.306,20280288,3787,2904,883,2904,541154,17
3-0.75-M,1,255.018,37880,0.4524,0.4444,0.4762,3.7975,4.1772,5.3072,4.1772,5.0545,6.1159,84,196.991,20683152,3869,2966,903,2966,555798,17
3-0.75-M,1,260.015,37880,0.4762,0.4603,0.5238,3.7975,4.5950,5.5599,4.1772,4.5950,6.1159,84,167.828,21086100,3944,3027,917,3027,583320,17
3-0.75-M,1,265.022,37880,0.5119,0.5238,0.4762,3.7975,4.5950,6.1159,4.1772,5.5599,6.1159,84,181.254,21491316,4024,3088,936,3088,606013,17
3-0.75-M,1,270.027,37880,0.4643,0.4444,0.5238,3.7975,4.5950,6.1159,3.7975,4.5950,5.5599,84,189.180,21895860,4106,3151,955,3151,618224,17
3-0.75-M,1,275.021,37880,0.4762,0.4762,0.4762,3.7975,4.5950,5.8379,4.1772,4.5950,6.1159,84,164.974,22298472,4185,3212,973,3212,627177,17
3-0.75-M,1,280.020,37880,0.5238,0.5079,0.5714,3.4523,4.1772,5.3072,3.7975,4.5950,5.5599,84,179.531,22704360,4265,3272,993,3272,635251,17
3-0.75-M,1,285.013,37880,0.3929,0.4127,0.3333,3.7975,5.0545,6.1159,4.1772,4.5950,6.1159,84,188.261,23106888,4343,3331,1012,3331,651267,17
3-0.75-M,1,290.010,37880,0.3095,0.3175,0.2857,3.7975,4.5950,6.1159,3.7975,4.5950,6.1159,84,163.764,23511432,4419,3389,1030,3389,675041,17
3-0.75-M,1,295.015,37880,0.4167,0.3651,0.5714,3.7975,4.5950,6.1159,3.7975,5.0545,6.1159,84,172.999,23917488,4503,3452,1051,3452,693258,17
3-0.75-M,1,300.006,37880,0.5119,0.5556,0.3810,3.6249,4.5950,5.5599,3.7975,5.0545,6.1159,84,185.619,24320352,4580,3511,1069,3511,697291,17
3-0.75-M,1,305.011,37880,0.4524,0.4603,0.4286,3.7975,5.0545,6.4217,4.1772,4.5950,6.1159,84,185.588,24724476,4659,3572,1087,3572,712155,17
3-0.75-M,1,310.027,37892,0.4524,0.4603,0.4286,4.1772,5.0545,6.1159,3.7975,4.5950,5.0545,83,173.016,25128516,4731,3627,1104,3627,733936,18
3-0.75-M,1,315.009,37892,0.4286,0.4444,0.3810,3.7975,4.5950,6.1159,3.7975,4.5950,7.4002,84,169.505,25531884,4810,3688,1122,3688,753799,18
3-0.75-M,1,320.011,37892,0.5595,0.5873,0.4762,3.7975,4.5950,5.5599,3.7975,4.5950,5.5599,84,160.938,25933320,4890,3750,1140,3750,770457,18
3-0.75-M,1,325.017,37892,0.4643,0.5079,0.3333,3.9874,5.0545,6.1159,3.7975,4.1772,5.5599,84,177.044,26337780,4970,3810,1160,3810,783793,18
3-0.75-M,1,330.026,37892,0.4762,0.4286,0.6190,3.4523,4.5950,5.5599,4.5950,5.0545,6.7275,84,171.230,26743920,5051,3872,1179,3872,798310,18
3-0.75-M,1,335.020,37892,0.5952,0.5873,0.6190,3.7975,4.5950,5.5599,3.7975,4.5950,5.0545,84,170.145,27148632,5128,3931,1197,3931,807401,18
3-0.75-M,1,340.027,37892,0.5119,0.5079,0.5238,3.7975,4.5950,5.5599,3.7975,5.0545,5.5599,84,164.421,27555528,5205,3989,1216,3989,814029,18
3-0.75-M,1,345.006,37892,0.5595,0.5397,0.6190,3.8148,4.5950,5.5599,3.4523,4.5950,5.5599,84,173.716,27959484,5285,4049,1236,4049,823268,18
3-0.75-M,1,350.010,37892,0.5000,0.5238,0.4286,3.7975,4.1773,5.5599,3.4523,4.1772,6.7275,83,177.001,28359912,5363,4109,1254,4109,838713,18
3-0.75-M,1,355.028,37892,0.5000,0.5714,0.2857,3.7975,4.1772,5.5599,4.1772,5.0545,6.7275,82,184.014,28760760,5442,4170,1272,4170,857983,18
3-0.75-M,1,360.020,37892,0.5476,0.5079,0.6667,3.4523,4.5950,6.1159,3.7975,4.5950,6.1159,83,173.862,29163876,5523,4232,1291,4232,874249,18
3-0.75-M,1,365.018,37892,0.5357,0.5397,0.5238,3.7975,4.5950,5.8379,4.1772,5.0545,5.5599,84,182.895,29567496,5601,4292,1309,4292,882620,18
3-0.75-M,1,370.016,37892,0.4048,0.3810,0.4762,3.7975,4.5950,5.8379,3.4523,4.1772,5.5599,84,165.221,29972376,5683,4355,1328,4355,894460,18
3-0.75-M,1,375.029,37892,0.4762,0.4762,0.4762,3.7975,5.0545,6.1159,3.4523,4.1772,5.5599,84,166.914,30374820,5762,4415,1347,4415,915484,18
3-0.75-M,1,380.022,37892,0.4881,0.4921,0.4762,3.4523,4.5950,5.0545,3.1384,4.5950,5.5599,84,174.666,30778860,5843,4478,1365,4478,923702,18
3-0.75-M,1,385.025,37892,0.4643,0.4921,0.3810,3.7975,4.5950,5.0545,3.7975,5.0545,6.1159,84,175.810,31184916,5924,4539,1385,4539,932394,18
3-0.75-M,1,390.017,37892,0.4048,0.4286,0.3333,3.7975,4.5950,5.8379,3.4523,4.1772,5.0545,84,183.892,31588956,6005,4600,1405,4600,944435,18
3-0.75-M,1,395.016,37892,0.4643,0.4127,0.6190,3.7975,4.5950,5.5599,3.1384,4.1772,5.0545,84,181.929,31992996,6084,4663,1421,4663,959727,18
3-0.75-M,1,400.017,37892,0.5476,0.5556,0.5238,4.1772,5.0545,5.8379,4.1772,5.0545,6.1159,84,164.598,32398968,6165,4725,1440,4725,960121,18
3-0.75-M,1,405.019,38070,0.3810,0.3333,0.5238,3.7975,5.0545,5.8379,3.4523,4.5950,5.5599,84,167.602,32803008,6243,4783,1460,4783,967780,20
3-0.75-M,1,410.014,38070,0.5238,0.5397,0.4762,4.1772,5.0545,6.1159,3.7975,5.0545,6.1159,84,181.181,33207552,6322,4843,1479,4843,983563,20
3-0.75-M,1,415.003,38070,0.4167,0.4603,0.2857,3.4523,4.1772,5.0545,3.7975,4.1772,5.5599,84,163.123,33610920,6397,4901,1496,4901,990000,20
3-0.75-M,1,420.000,38070,0.4643,0.4127,0.6190,3.7975,4.5950,5.3072,3.7975,4.5950,5.0545,84,173.833,34015632,6479,4962,1517,4962,992803,20
3-0.75-M,1,425.023,38070,0.4405,0.3492,0.7143,3.7975,4.5950,5.5599,3.7975,4.5950,5.0545,84,178.483,34423284,6556,5021,1535,5021,1011925,20
3-0.75-M,1,430.027,38070,0.4167,0.4444,0.3333,3.7975,4.5950,5.5599,4.5950,5.5599,6.7275,83,199.507,34830180,6637,5083,1554,5083,1019625,20
3-0.75-M,1,435.029,38070,0.5000,0.5238,0.4286,3.9874,4.5950,5.5599,4.5950,5.0545,6.7275,84,182.560,35235648,6709,5140,1569,5140,1030201,20
3-0.75-M,1,440.023,38070,0.3690,0.3651,0.3810,3.7975,4.5950,5.5599,4.1772,4.1772,5.5599,84,162.461,35639184,6788,5201,1587,5201,1057202,20
3-0.75-M,1,445.021,38070,0.4643,0.4762,0.4286,3.7975,4.5950,5.5599,3.7975,5.0545,5.5599,84,159.519,36042972,6869,5262,1607,5262,1093921,20
3-0.75-M,1,450.016,38070,0.5238,0.5238,0.5238,3.7975,4.5950,5.8379,4.1772,5.0545,6.1159,84,164.821,36446424,6950,5322,1628,5322,1119477,20
3-0.75-M,1,455.018,38070,0.5833,0.5714,0.6190,3.7975,4.5950,5.5599,3.4523,3.7975,5.0545,84,162.172,36850800,7033,5385,1648,5385,1132405,20
3-0.75-M,1,460.010,38070,0.5595,0.5714,0.5238,4.1772,4.5950,6.1159,4.5950,5.5599,6.1159,84,176.206,37254756,7116,5447,1669,5447,1144975,20
3-0.75-M,1,465.004,38070,0.5000,0.4762,0.5714,3.6249,4.1772,5.5599,3.4523,4.5950,5.5599,84,187.484,37658208,7190,5502,1688,5502,1151213,20
3-0.75-M,1,470.006,38070,0.5357,0.5556,0.4762,3.7975,4.5950,5.5599,3.4523,4.5950,6.7275,84,195.058,38062584,7267,5561,1706,5561,1152029,20
3-0.75-M,1,475.012,38070,0.4881,0.5079,0.4286,3.7975,4.1773,5.3072,3.7975,5.0545,6.1159,84,185.596,38467548,7344,5622,1722,5622,1152471,20
3-0.75-M,1,480.008,38070,0.4881,0.5079,0.4286,3.4523,4.1772,5.5599,3.7975,4.5950,5.5599,84,184.312,38871168,7422,5683,1739,5683,1158929,20
3-0.75-M,1,485.008,38070,0.5476,0.5873,0.4286,3.7975,4.5950,5.5599,3.7975,4.5950,6.1159,84,189.529,39276804,7503,5745,1758,5745,1166287,20
3-0.75-M,1,490.027,38121,0.5238,0.4921,0.6190,3.7975,4.5950,6.1159,4.1772,5.5599,6.7275,84,163.033,39681012,7579,5805,1774,5805,1181132,21
3-0.75-M,1,495.022,38161,0.4405,0.4762,0.3333,3.4523,4.5950,5.5599,3.4523,4.1772,4.5950,84,161.501,40083708,7660,5865,1795,5865,1189979,22
3-0.75-M,1,500.012,38161,0.4881,0.3968,0.7619,4.1772,4.5950,6.1159,4.1772,4.5950,5.5599,84,162.240,40486404,7742,5927,1815,5927,1204660,22
3-0.75-M,1,505.007,38161,0.4762,0.5079,0.3810,3.7975,4.1773,5.5599,4.1772,5.0545,5.5599,84,169.664,40890528,7822,5988,1834,5988,1223209,22
3-0.75-M,1,510.022,38161,0.4524,0.4603,0.4286,3.7975,4.5950,5.5599,4.1772,6.1159,6.7275,84,175.619,41298264,7905,6051,1854,6051,1231336,22
3-0.75-M,1,515.019,38161,0.4881,0.5238,0.3810,3.7975,5.0545,6.1159,3.7975,4.1772,5.0545,84,174.352,41702220,7984,6112,1872,6112,1241794,22
3-0.75-M,1,520.005,38161,0.4524,0.4921,0.3333,3.7975,4.5950,6.1159,4.5950,5.5599,6.7275,84,194.835,42106344,8065,6174,1891,6174,1250606,22
3-0.75-M,1,525.000,38161,0.5119,0.5556,0.3810,3.4523,4.1773,5.5599,3.7975,4.5950,5.0545,84,190.485,42511140,8143,6237,1906,6237,1262057,22
3-0.75-M,1,530.023,38161,0.4643,0.4603,0.4762,3.7975,4.5950,5.5599,4.1772,4.5950,5.0545,84,178.788,42917784,8222,6298,1924,6298,1270452,22
3-0.75-M,1,535.022,38161,0.5476,0.5397,0.5714,4.1772,4.5950,5.5599,4.1772,5.0545,6.1159,84,172.244,43321236,8299,6356,1943,6356,1276620,22
3-0.75-M,1,540.022,38161,0.4524,0.4762,0.3810,4.1772,4.5950,6.7275,4.1772,4.5950,5.5599,84,176.585,43727124,8378,6416,1962,6416,1288242,22
3-0.75-M,1,545.001,38161,0.5000,0.5079,0.4762,4.1772,5.0545,6.1159,3.1384,4.1772,5.0545,84,171.891,44132004,8457,6476,1981,6476,1301187,22
3-0.75-M,1,550.029,38161,0.4881,0.4921,0.4762,3.7975,4.5950,6.4217,3.1384,4.5950,5.5599,84,163.111,44539236,8538,6537,2001,6537,1313967,22
3-0.75-M,1,555.024,38161,0.4762,0.4921,0.4286,3.4523,4.1772,5.5599,3.4523,4.5950,5.5599,84,172.217,44943864,8617,6595,2022,6595,1320540,22
3-0.75-M,1,560.023,38161,0.3690,0.4127,0.2381,3.4523,5.0545,6.1159,4.1772,4.5950,5.5599,84,173.699,45348912,8697,6657,2040,6657,1326640,22
3-0.75-M,1,565.015,38161,0.4762,0.4603,0.5238,3.7975,4.5950,5.8379,3.1384,4.1772,7.4002,84,175.345,45752196,8770,6714,2056,6714,1334940,22
3-0.75-M,1,570.002,38161,0.4405,0.4444,0.4286,3.7975,4.5950,5.5599,4.1772,4.5950,6.1159,84,168.002,46153800,8847,6774,2073,6774,1340065,22
3-0.75-M,1,575.003,38161,0.5357,0.5397,0.5238,3.7975,4.5950,5.5599,3.7975,5.0545,6.1159,84,165.606,46558008,8929,6836,2093,6836,1345881,22
3-0.75-M,1,580.002,38161,0.4167,0.4762,0.2381,3.7975,4.5950,5.5599,3.7975,4.5950,6.1159,84,187.131,46962888,9008,6895,2113,6895,1355744,22
3-0.75-M,1,585.029,38161,0.5119,0.4921,0.5714,4.1772,5.0545,6.7275,3.4523,4.1772,5.5599,84,174.915,47370372,9089,6958,2131,6958,1366133,22
3-0.75-M,1,590.001,38161,0.4286,0.4127,0.4762,3.7975,4.5950,5.5599,4.1772,4.5950,5.5599,84,180.983,47773320,9169,7019,2150,7019,1375654,22
3-0.75-M,1,595.022,38207,0.5476,0.5238,0.6190,3.4523,4.5950,5.5599,4.1772,4.5950,5.0545,84,161.320,48179040,9243,7074,2169,7074,1383432,23
