group,instance,file,source,source_path,bytes,sha256,n,m,q,development
100,0-2-1,100-30-30-0-2-1.txt,archive,benchmark/100+500 (30+30)/100-30-30-0-2-1.txt,24274,19dbfb4e04a33a522860433ae6fb1392ebc8a1063d374906492ac662d72ec556,100,30,30,1
100,0-2-2,100-30-30-0-2-2.txt,archive,benchmark/100+500 (30+30)/100-30-30-0-2-2.txt,24237,ac3ce4e33faa6920914ac2fc36c9c62bf751819f77d906e1a7e612d107334563,100,30,30,0
100,0-2-3,100-30-30-0-2-3.txt,archive,benchmark/100+500 (30+30)/100-30-30-0-2-3.txt,24257,9312f252287969321636422f17d0bd4e466bd4d0ebe3e22a9f4450983e9788c5,100,30,30,0
100,0-2-4,100-30-30-0-2-4.txt,archive,benchmark/100+500 (30+30)/100-30-30-0-2-4.txt,24223,aa6b8646d14e07d5d7af7749b54a201075eb891a86db23fe9089eed44623069b,100,30,30,0
100,0-2-5,100-30-30-0-2-5.txt,archive,benchmark/100+500 (30+30)/100-30-30-0-2-5.txt,24234,bcc690ace60c249ae1f0b70e79d45bd6e2cb0f0789d2e6e2306937dfaee3af22,100,30,30,0
100,0-2-6,100-30-30-0-2-6.txt,archive,benchmark/100+500 (30+30)/100-30-30-0-2-6.txt,24248,66f5741d6ce90d59f38ce8c7599992d83053b41a1c649bd195b96215347baba5,100,30,30,0
100,0-2-7,100-30-30-0-2-7.txt,archive,benchmark/100+500 (30+30)/100-30-30-0-2-7.txt,24245,4bc2ab0ec9eb1e9b7099486c319376f38ca5142a0fa168a13422f47848068c74,100,30,30,0
100,0-2-8,100-30-30-0-2-8.txt,archive,benchmark/100+500 (30+30)/100-30-30-0-2-8.txt,24244,ceaea872f2cceb6fc1ae062ec734857acba99958ca5be993fc7adeb2887871d9,100,30,30,0
100,0-2-9,100-30-30-0-2-9.txt,archive,benchmark/100+500 (30+30)/100-30-30-0-2-9.txt,24262,bd2dfe4ebabd21864e6f9132aec4e945080a04bc88d17e1efa83456f7bb2b1e1,100,30,30,0
100,0-2-10,100-30-30-0-2-10.txt,archive,benchmark/100+500 (30+30)/100-30-30-0-2-10.txt,24226,2ae739cccac9262f73a7af6dc3b437b3d2e2417dcd84a839a84a468414510d6e,100,30,30,0
100,0-2-11,100-30-30-0-2-11.txt,archive,benchmark/100+500 (30+30)/100-30-30-0-2-11.txt,24246,6df9a3c1643f70338f10df03583988f698ba1fc95ed3f117c97b618404d267b8,100,30,30,0
100,0-2-12,100-30-30-0-2-12.txt,archive,benchmark/100+500 (30+30)/100-30-30-0-2-12.txt,24233,f626468bb37d51bd323b036cc3749b7b31887151a16da3e376064ca981c8f8a0,100,30,30,0
100,0-2-13,100-30-30-0-2-13.txt,archive,benchmark/100+500 (30+30)/100-30-30-0-2-13.txt,24237,4e8ef478e93420ed3a1b8d3077477b429b8ed0782930436a6b88af42a91acd8f,100,30,30,0
100,0-2-14,100-30-30-0-2-14.txt,archive,benchmark/100+500 (30+30)/100-30-30-0-2-14.txt,24267,51de813e693b7e2ff2dd713abc083e54c734c47c47ac701c068563bb2ae27740,100,30,30,0
100,0-2-15,100-30-30-0-2-15.txt,archive,benchmark/100+500 (30+30)/100-30-30-0-2-15.txt,24210,a898a9e464d18dc8db71cffec3428eaab0adf5d4f48dbd67767466c2f5871e14,100,30,30,0
100,1-5-1,100-30-30-1-5-1.txt,archive,benchmark/100+500 (30+30)/100-30-30-1-5-1.txt,24295,72afdcb61417abcbb79ecfbdfe41a6b3fd3a26a3589e57f954799734edae81a1,100,30,30,0
100,1-5-2,100-30-30-1-5-2.txt,archive,benchmark/100+500 (30+30)/100-30-30-1-5-2.txt,24253,0a2a6c439b98949a61da6650c22e77235a799453f2b72794063501f3496d4664,100,30,30,0
100,1-5-3,100-30-30-1-5-3.txt,archive,benchmark/100+500 (30+30)/100-30-30-1-5-3.txt,24268,98eac6ed314dcb596a19e150c43877d23b7e14f0fd83711104fef4d05d013258,100,30,30,0
100,1-5-4,100-30-30-1-5-4.txt,archive,benchmark/100+500 (30+30)/100-30-30-1-5-4.txt,24250,0a99a91b97050eaaf5b86d0859cc8a06bd1c4de4b88147fa22e1713a38b96fe7,100,30,30,1
100,1-5-5,100-30-30-1-5-5.txt,archive,benchmark/100+500 (30+30)/100-30-30-1-5-5.txt,24259,07326d2ab869619416b9b250017cf66bff1cc8dd38db5929075632e436828eb6,100,30,30,0
100,1-5-6,100-30-30-1-5-6.txt,archive,benchmark/100+500 (30+30)/100-30-30-1-5-6.txt,24263,fa1c61e2612dd001724d444b033d4b56a1cfdd7156b43f34cf1fc4bcd13049c7,100,30,30,0
100,1-5-7,100-30-30-1-5-7.txt,archive,benchmark/100+500 (30+30)/100-30-30-1-5-7.txt,24267,392eafb70a4ac3d8e4628acebaaa43ec9a1dba1a7c5054a246419c43e239e357,100,30,30,0
100,1-5-8,100-30-30-1-5-8.txt,archive,benchmark/100+500 (30+30)/100-30-30-1-5-8.txt,24265,17306bf075cd9d20ec59364d2195f5711b919bfbcd5096415c1384c856f9f040,100,30,30,0
100,1-5-9,100-30-30-1-5-9.txt,archive,benchmark/100+500 (30+30)/100-30-30-1-5-9.txt,24281,c2e5ec38a22c77760653b3c30543b2e9dccd4dd2f97662cb3e3a653a04e4afe8,100,30,30,0
100,1-5-10,100-30-30-1-5-10.txt,archive,benchmark/100+500 (30+30)/100-30-30-1-5-10.txt,24252,aded8d95abbbd208af2e5cda99d52ee854b0e3904ab6e069f383066bc876311d,100,30,30,0
100,1-5-11,100-30-30-1-5-11.txt,archive,benchmark/100+500 (30+30)/100-30-30-1-5-11.txt,24262,4c0f9cce668b05552ce893ab5960b07d49ad8b0077b14781953bbb761157f436,100,30,30,0
100,1-5-12,100-30-30-1-5-12.txt,archive,benchmark/100+500 (30+30)/100-30-30-1-5-12.txt,24254,d6e630397dc75421b202d2fd520c7fb786b5b2e6646596af72bca01bd00a8988,100,30,30,0
100,1-5-13,100-30-30-1-5-13.txt,archive,benchmark/100+500 (30+30)/100-30-30-1-5-13.txt,24254,70da75c8a52cbb2bd2216c141d134b16163a5b5994b4cbd9a016d8718c8ab17a,100,30,30,0
100,1-5-14,100-30-30-1-5-14.txt,archive,benchmark/100+500 (30+30)/100-30-30-1-5-14.txt,24292,2f216ef1330952675697c416e16edbce6f17d51cfc6b9ac05df9913c4c72fbd7,100,30,30,0
100,1-5-15,100-30-30-1-5-15.txt,archive,benchmark/100+500 (30+30)/100-30-30-1-5-15.txt,24232,c76d522d7e9fd431a3fae49d3bffe11016c257557d470b5ad3794f14025d2b81,100,30,30,0
500,1-0.25-P,500-30-30-0-2-1.txt,archive,benchmark/100+500 (30+30)/500-30-30-0-2-1.txt,119239,b50004765c02075ce4f6e4476865c97946b1b330077c43383b2175080e9cbaf4,500,30,30,0
500,2-0.25-P,500-30-30-0-2-2.txt,archive,benchmark/100+500 (30+30)/500-30-30-0-2-2.txt,119143,9d589aa8358e854f716e963babd7ce90df6eb36a20c95588058c603d3948c8b1,500,30,30,0
500,3-0.25-P,500-30-30-0-2-3.txt,archive,benchmark/100+500 (30+30)/500-30-30-0-2-3.txt,119128,6bf972abb6a6ec5995c0ab1ca3b0611d1492c91d700f756129c7fb0b0691a862,500,30,30,1
500,4-0.25-P,500-30-30-0-2-4.txt,archive,benchmark/100+500 (30+30)/500-30-30-0-2-4.txt,119202,12f15751add9052f0ce81f9a309dde2fa5c09cfa75742742982bab5a538078af,500,30,30,0
500,5-0.25-P,500-30-30-0-2-5.txt,archive,benchmark/100+500 (30+30)/500-30-30-0-2-5.txt,119202,fe2baa241b2b250a024d922e6b3f0b134c6db8dac7ae1f42b66106119dfb13d2,500,30,30,0
500,6-0.5-P,500-30-30-0-2-6.txt,archive,benchmark/100+500 (30+30)/500-30-30-0-2-6.txt,119234,5793f395964d859cdb6c251a175b2a346a803fdbe0cf8adf475bf8d13d3e4b8b,500,30,30,0
500,7-0.5-P,500-30-30-0-2-7.txt,archive,benchmark/100+500 (30+30)/500-30-30-0-2-7.txt,119332,f32e266e3fc7e1ab099db6b584a29d6e55673a3624bef42cece3a382386c15f1,500,30,30,0
500,8-0.5-P,500-30-30-0-2-8.txt,archive,benchmark/100+500 (30+30)/500-30-30-0-2-8.txt,119217,05983f277c225b1fadc392159609409674a249f13d7e3fc636b648c8ae5298ed,500,30,30,1
500,9-0.5-P,500-30-30-0-2-9.txt,archive,benchmark/100+500 (30+30)/500-30-30-0-2-9.txt,119206,e5fe558d9d0cad1af8fc838112b00b21ace280905d3a3ba6e0a99f7768f8ebef,500,30,30,0
500,10-0.5-P,500-30-30-0-2-10.txt,archive,benchmark/100+500 (30+30)/500-30-30-0-2-10.txt,119255,e63ef0d12d3dd5218abbaa6e9b2ccfe1f5b78b371baa4e321d43a8cff85c2b31,500,30,30,1
500,11-0.75-P,500-30-30-0-2-11.txt,archive,benchmark/100+500 (30+30)/500-30-30-0-2-11.txt,119240,ef6ac834364f7587bef43c585713b239ff8a5ca952e159e764a4e2775a0b2c0e,500,30,30,0
500,12-0.75-P,500-30-30-0-2-12.txt,archive,benchmark/100+500 (30+30)/500-30-30-0-2-12.txt,119227,f25788ce808f5164ed832e44ea2d49ebcd615df369c49683eff8c27fe7839001,500,30,30,1
500,13-0.75-P,500-30-30-0-2-13.txt,archive,benchmark/100+500 (30+30)/500-30-30-0-2-13.txt,119335,03cec9768d44af07257e06f4e522bd156dfdcab03bbb1ffb0e39a66590603797,500,30,30,0
500,14-0.75-P,500-30-30-0-2-14.txt,archive,benchmark/100+500 (30+30)/500-30-30-0-2-14.txt,119231,2a6e115628a61af8fd9e0923c9e2780f1fc3680be04b3fe59e7173dd5710cc6d,500,30,30,0
500,15-0.75-P,500-30-30-0-2-15.txt,archive,benchmark/100+500 (30+30)/500-30-30-0-2-15.txt,119232,eceb95db974026f90e61712b29091c21555876200705335e86cba8a9dbd57399,500,30,30,0
500,1-0.25-M,500-30-30-1-5-1.txt,archive,benchmark/100+500 (30+30)/500-30-30-1-5-1.txt,119361,cfbc8728fe4816bfa072cc452f44dd4edcac8ff7de39fc7e6696ffc34fa5e568,500,30,30,0
500,2-0.25-M,500-30-30-1-5-2.txt,archive,benchmark/100+500 (30+30)/500-30-30-1-5-2.txt,119275,6ab18eb5a8ebbc98221c40a9a5290be71a5d652048e41703ba977068dab9c1e1,500,30,30,1
500,3-0.25-M,500-30-30-1-5-3.txt,archive,benchmark/100+500 (30+30)/500-30-30-1-5-3.txt,119251,82d1457823159982a14ff9595a4d6cd8b46707bd73debe0def1c28af5b7721f2,500,30,30,0
500,4-0.25-M,500-30-30-1-5-4.txt,archive,benchmark/100+500 (30+30)/500-30-30-1-5-4.txt,119309,6b2af637e540bbb956526b8058b9e112358688bbda490eefdf88c909bd176c62,500,30,30,0
500,5-0.25-M,500-30-30-1-5-5.txt,archive,benchmark/100+500 (30+30)/500-30-30-1-5-5.txt,119327,1be0688423fcf9d3a6d666bc5eeb9ead85fb9a05035ec2d415f5a3dae3d0d24e,500,30,30,0
500,6-0.5-M,500-30-30-1-5-6.txt,archive,benchmark/100+500 (30+30)/500-30-30-1-5-6.txt,119344,c10fd96e2d6ee5ca4ef62683e47dfee1c115be26c162018087f5f700b7ee2ea1,500,30,30,0
500,7-0.5-M,500-30-30-1-5-7.txt,archive,benchmark/100+500 (30+30)/500-30-30-1-5-7.txt,119458,9ccc13701619c36c994fa45a6467ea1bdb88f2974e07d63e399bd34e2855649f,500,30,30,0
500,8-0.5-M,500-30-30-1-5-8.txt,archive,benchmark/100+500 (30+30)/500-30-30-1-5-8.txt,119347,5d81be996d2c6fccf756ab13061ce7d712fc5715c332e95e025df177d4595038,500,30,30,1
500,9-0.5-M,500-30-30-1-5-9.txt,archive,benchmark/100+500 (30+30)/500-30-30-1-5-9.txt,119343,1a1bcf6abdb02de3eb62e58eb4c6ac1dbc792541538694c26fbca1d80d5afe04,500,30,30,0
500,10-0.5-M,500-30-30-1-5-10.txt,archive,benchmark/100+500 (30+30)/500-30-30-1-5-10.txt,119392,71d70fdf12cf328fb202d8337526f8130210e9fe468d8daf4bbf4038faa5b423,500,30,30,0
500,11-0.75-M,500-30-30-1-5-11.txt,archive,benchmark/100+500 (30+30)/500-30-30-1-5-11.txt,119353,252963e292150187dde47e3a07bfb3dedff6e872c86639cdb22acf6aa2764ced,500,30,30,0
500,12-0.75-M,500-30-30-1-5-12.txt,archive,benchmark/100+500 (30+30)/500-30-30-1-5-12.txt,119352,28afa76e5fac7a0d02cdf5aea8628029fc8a5cc1ddcbbd076f4e9fe20e89285e,500,30,30,0
500,13-0.75-M,500-30-30-1-5-13.txt,archive,benchmark/100+500 (30+30)/500-30-30-1-5-13.txt,119486,14d9a3b63054395fbb10a0022bbbb6c828ab348368e588f487806001ce618ac3,500,30,30,1
500,14-0.75-M,500-30-30-1-5-14.txt,archive,benchmark/100+500 (30+30)/500-30-30-1-5-14.txt,119363,b6e7e13a8f0b9b2225e55647a20e42aa3f388e71dffc89d30bc7079429236aca,500,30,30,0
500,15-0.75-M,500-30-30-1-5-15.txt,archive,benchmark/100+500 (30+30)/500-30-30-1-5-15.txt,119363,5db71e895bc7edaf6bf6918e16a9c94cbc6644577b3b86854de85164e0610e05,500,30,30,0
1000,1-0.25-P,1-1000-60-60-1.0-0.25-P.txt,repository,1-1000-60-60-1.0-0.25-P.txt,471780,83351d2de6a3dcd0c716832044caade6943a3f29ca9b74d827f1a1c21f19e4e6,1000,60,60,1
1000,2-0.25-P,2-1000-60-60-1.0-0.25-P.txt,repository,2-1000-60-60-1.0-0.25-P.txt,471490,8342799626bf9c1f07eb1109562951fbafc08c2c35dd542e91e24ec4a08afb2d,1000,60,60,1
1000,3-0.25-P,3-1000-60-60-1.0-0.25-P.txt,repository,3-1000-60-60-1.0-0.25-P.txt,471479,216b10bde4ef663f286cb7fafecfbb5fb64ae3b1a564807941c040d5d0630d93,1000,60,60,0
1000,4-0.25-P,4-1000-60-60-1.0-0.25-P.txt,repository,4-1000-60-60-1.0-0.25-P.txt,471583,e65608ca1a6ff79e092fa39fb62bafd5f421bdd40d4455827d97f65be7133e73,1000,60,60,0
1000,5-0.25-P,5-1000-60-60-1.0-0.25-P.txt,repository,5-1000-60-60-1.0-0.25-P.txt,471613,92e3672abf96f09a1fbd1a233b163cab78e161510ef864d5b20494c64d5979cd,1000,60,60,0
1000,6-0.25-P,6-1000-60-60-1.0-0.25-P.txt,repository,6-1000-60-60-1.0-0.25-P.txt,471324,e9029007240db0ab86e78f051a1c89877327de507ce54e6ade90552cd7a3c722,1000,60,60,0
1000,7-0.25-P,7-1000-60-60-1.0-0.25-P.txt,repository,7-1000-60-60-1.0-0.25-P.txt,471484,e6df3920f269e4aeba53ca5b16f5a28cf0884dfabc6c18777b32ab08ec738cb8,1000,60,60,0
1000,8-0.25-P,8-1000-60-60-1.0-0.25-P.txt,repository,8-1000-60-60-1.0-0.25-P.txt,471524,fd2d965757b93470e5b8f00f457d68e82de612c43b2d3a781ae3ed39411e0e4d,1000,60,60,0
1000,9-0.25-P,9-1000-60-60-1.0-0.25-P.txt,repository,9-1000-60-60-1.0-0.25-P.txt,471769,d9830d49e88254671dc59c836a14aec4237090ff095fd31c64ab724736a80f7a,1000,60,60,0
1000,10-0.25-P,10-1000-60-60-1.0-0.25-P.txt,repository,10-1000-60-60-1.0-0.25-P.txt,471606,5ae918522876e8c42a5363f46f6c01ee286357b75690eb14f21d835a127235a1,1000,60,60,0
1000,1-0.25-M,1-1000-60-60-1.0-0.25-M.txt,repository,1-1000-60-60-1.0-0.25-M.txt,471831,9a46f602e167e7f20595835a2bc76cd1e3da1f728a67dd5ff26da1c626aca52c,1000,60,60,0
1000,2-0.25-M,2-1000-60-60-1.0-0.25-M.txt,repository,2-1000-60-60-1.0-0.25-M.txt,471544,2e0305b12adba80986d8e54f2acc1a1f6a58b8ca4f012d9642fb6151ae42987d,1000,60,60,0
1000,3-0.25-M,3-1000-60-60-1.0-0.25-M.txt,repository,3-1000-60-60-1.0-0.25-M.txt,471559,675d59ee38a835de9c338f354ad3e031626f958c3faced1de8a8209a76001498,1000,60,60,0
1000,4-0.25-M,4-1000-60-60-1.0-0.25-M.txt,repository,4-1000-60-60-1.0-0.25-M.txt,471632,6cfaf8f665397463cd859216fbea082500b5c80d9873cc8ec39ab1fadbb69db1,1000,60,60,0
1000,5-0.25-M,5-1000-60-60-1.0-0.25-M.txt,repository,5-1000-60-60-1.0-0.25-M.txt,471668,0d75a71e540cc1b02370cfed0f410bcdcb4427c3d72d66d754b83469c1ae2bad,1000,60,60,1
1000,6-0.25-M,6-1000-60-60-1.0-0.25-M.txt,repository,6-1000-60-60-1.0-0.25-M.txt,471400,19d81777c6b363debf54f89db7c86645ea1b7150f48a537a2312e2402632c3e6,1000,60,60,0
1000,7-0.25-M,7-1000-60-60-1.0-0.25-M.txt,repository,7-1000-60-60-1.0-0.25-M.txt,471550,3105148425d4649a044dcf3e7afebb27ecde1bfab57263ed99c8cc4ed7ce59fb,1000,60,60,0
1000,8-0.25-M,8-1000-60-60-1.0-0.25-M.txt,repository,8-1000-60-60-1.0-0.25-M.txt,471563,72c141aa76c33c1c3b251427ebbd8eea52e7f54d76b3078c78bc2e57b5b80752,1000,60,60,0
1000,9-0.25-M,9-1000-60-60-1.0-0.25-M.txt,repository,9-1000-60-60-1.0-0.25-M.txt,471857,a6a1dc7ad4fedbe6ea160164b5c885bc87402f6c7dfa763cd0b0960b050b80d8,1000,60,60,0
1000,10-0.25-M,10-1000-60-60-1.0-0.25-M.txt,repository,10-1000-60-60-1.0-0.25-M.txt,471648,4bf45215ffc0c64401755911408b72dd8659296f9ee3552a1631e4adb479248e,1000,60,60,0
1000,1-0.5-P,1-1000-60-60-1.0-0.5-P.txt,repository,1-1000-60-60-1.0-0.5-P.txt,471617,5e8a8c367548700fea7e2b8eab8b6d3daa3a9cdfa6ce1317b0d2dd58410caa41,1000,60,60,0
1000,2-0.5-P,2-1000-60-60-1.0-0.5-P.txt,repository,2-1000-60-60-1.0-0.5-P.txt,471670,4abaa4d05b5b807b0074b261b95e244aa96b8c9d6865a3b4da0475d96551a9cf,1000,60,60,0
1000,3-0.5-P,3-1000-60-60-1.0-0.5-P.txt,repository,3-1000-60-60-1.0-0.5-P.txt,471599,8fe2a47db34c4e420d361c9fe16f315a8a35a6239321ff04a313228ee02dab2f,1000,60,60,0
1000,4-0.5-P,4-1000-60-60-1.0-0.5-P.txt,repository,4-1000-60-60-1.0-0.5-P.txt,471599,665a5fbaedc3d9b627cd9b70916a10721e31a534cc0c06f6fe0a1ebe7796b5ce,1000,60,60,0
1000,5-0.5-P,5-1000-60-60-1.0-0.5-P.txt,repository,5-1000-60-60-1.0-0.5-P.txt,471408,82c23b429654a385e043a73047e8b70dff10d934d73bdd9ab1006765b6e6e480,1000,60,60,0
1000,6-0.5-P,6-1000-60-60-1.0-0.5-P.txt,repository,6-1000-60-60-1.0-0.5-P.txt,471514,8dd2157f751ccc7bf46ced142d514226b7d3e47260f74cab53e9c5e7ff58d2d4,1000,60,60,0
1000,7-0.5-P,7-1000-60-60-1.0-0.5-P.txt,repository,7-1000-60-60-1.0-0.5-P.txt,471637,3cf6b8864dc36dc83ba7c9c8144cf5ad4e1a3f4b318dbab1353e986943071f93,1000,60,60,0
1000,8-0.5-P,8-1000-60-60-1.0-0.5-P.txt,repository,8-1000-60-60-1.0-0.5-P.txt,471532,30ce4314fcb11730ff737a82e42783b859e9d23a93d258b0ae1d51c84333dc1b,1000,60,60,0
1000,9-0.5-P,9-1000-60-60-1.0-0.5-P.txt,repository,9-1000-60-60-1.0-0.5-P.txt,471719,89af870bde3a7ab0ef11356893b7beb54198349adea749f1a766df0ffadf9752,1000,60,60,0
1000,10-0.5-P,10-1000-60-60-1.0-0.5-P.txt,repository,10-1000-60-60-1.0-0.5-P.txt,471588,e588a165b15d175574e834871dee016cf0e28f43de4b88a7033eaa57c2080962,1000,60,60,0
1000,1-0.5-M,1-1000-60-60-1.0-0.5-M.txt,repository,1-1000-60-60-1.0-0.5-M.txt,471665,e6ad6d8280f73f73ce80ef14a3ee33816c0bbcc22ed5e90c654b8bc04dc59a1b,1000,60,60,0
1000,2-0.5-M,2-1000-60-60-1.0-0.5-M.txt,repository,2-1000-60-60-1.0-0.5-M.txt,471731,e3868423f3f3d089178b0da426dab42f701e70f80db50f19c824c12f683bcbda,1000,60,60,0
1000,3-0.5-M,3-1000-60-60-1.0-0.5-M.txt,repository,3-1000-60-60-1.0-0.5-M.txt,471658,303a2ca5b32877f4b9a47e8298efd22754c837b6d91aa3cfa45438eb183e5c5e,1000,60,60,0
1000,4-0.5-M,4-1000-60-60-1.0-0.5-M.txt,repository,4-1000-60-60-1.0-0.5-M.txt,471676,c80a0f57dd6a210f2081495775e46f40b9a5ae0a49959cc29d4040cacd26653e,1000,60,60,1
1000,5-0.5-M,5-1000-60-60-1.0-0.5-M.txt,repository,5-1000-60-60-1.0-0.5-M.txt,471474,5736bb0334f0e052c4b98a9a06b682c9056be95c3a835fd098910074970e4a6a,1000,60,60,0
1000,6-0.5-M,6-1000-60-60-1.0-0.5-M.txt,repository,6-1000-60-60-1.0-0.5-M.txt,471548,e7c8ee828e27eeee6224bfe69da10f0c360a3e5e294b24b36ac3e39177c63db4,1000,60,60,0
1000,7-0.5-M,7-1000-60-60-1.0-0.5-M.txt,repository,7-1000-60-60-1.0-0.5-M.txt,471709,b2a92ca827588ad5fe50f39eff47d79828aec35093819614d2e26cff5ceb0d1f,1000,60,60,1
1000,8-0.5-M,8-1000-60-60-1.0-0.5-M.txt,repository,8-1000-60-60-1.0-0.5-M.txt,471581,a811740cdd8fb0949b5d3e6c9ca18f97acbc8005738338b916d340be5449134a,1000,60,60,0
1000,9-0.5-M,9-1000-60-60-1.0-0.5-M.txt,repository,9-1000-60-60-1.0-0.5-M.txt,471777,f0f8bb23658c652943d6ad7f87b1a5b7bed96119dddd6bc7eb10ec882be41245,1000,60,60,0
1000,10-0.5-M,10-1000-60-60-1.0-0.5-M.txt,repository,10-1000-60-60-1.0-0.5-M.txt,471662,3dfb625a8849115da608b21130c76b47d99feac39ae8c8006d177d095cea980f,1000,60,60,0
1000,1-0.75-P,1-1000-60-60-1.0-0.75-P.txt,repository,1-1000-60-60-1.0-0.75-P.txt,471539,0f03b84a635bb6452a7915b67ce9ba167112aae1b1ecc2a7ad7d45191d07ab85,1000,60,60,0
1000,2-0.75-P,2-1000-60-60-1.0-0.75-P.txt,repository,2-1000-60-60-1.0-0.75-P.txt,471359,eaef752ed21a881b364b8b6f25bd87ab43e3c429a8c21643c3df2880048b2a59,1000,60,60,0
1000,3-0.75-P,3-1000-60-60-1.0-0.75-P.txt,repository,3-1000-60-60-1.0-0.75-P.txt,471485,fc9b38b2431afe1ec13276db233ec6d82308f95a64b8f7ab0d7501fd86420903,1000,60,60,1
1000,4-0.75-P,4-1000-60-60-1.0-0.75-P.txt,repository,4-1000-60-60-1.0-0.75-P.txt,471629,1d96e8746a3dff7447f55009861d872e47039aae2bf07e4d4be75f5f9e7486b9,1000,60,60,0
1000,5-0.75-P,5-1000-60-60-1.0-0.75-P.txt,repository,5-1000-60-60-1.0-0.75-P.txt,471530,820a33455c9d8e5324431463cec47658cad4d5399b3aa40c96c705978f77693d,1000,60,60,0
1000,6-0.75-P,6-1000-60-60-1.0-0.75-P.txt,repository,6-1000-60-60-1.0-0.75-P.txt,471575,e1b1287c88349e3f8fb47fa1fec0ce8e71ed6207c58f2fc96135256a14236533,1000,60,60,0
1000,7-0.75-P,7-1000-60-60-1.0-0.75-P.txt,repository,7-1000-60-60-1.0-0.75-P.txt,471649,5497a58367b35101fb67c93abb45a7916733d673aa3753808018d5a71ef55cbd,1000,60,60,0
1000,8-0.75-P,8-1000-60-60-1.0-0.75-P.txt,repository,8-1000-60-60-1.0-0.75-P.txt,471521,bf771b6f0f00d92ed96f639126c3b2f4847e4793bc4113422f797876cf228b79,1000,60,60,0
1000,9-0.75-P,9-1000-60-60-1.0-0.75-P.txt,repository,9-1000-60-60-1.0-0.75-P.txt,471521,8cfdd8fc4a7b60034111710fb7f364e84e5dacf8a4b76923f69ab06517f6ad7b,1000,60,60,0
1000,10-0.75-P,10-1000-60-60-1.0-0.75-P.txt,repository,10-1000-60-60-1.0-0.75-P.txt,471660,d81eafb2f78271679142f525462aa68351404d274f594a13628316676e231eca,1000,60,60,0
1000,1-0.75-M,1-1000-60-60-1.0-0.75-M.txt,repository,1-1000-60-60-1.0-0.75-M.txt,471602,db9ba579f9cdec216a832f5563aa1021eabd7f1b8af0bd57223d7355ca4958ff,1000,60,60,0
1000,2-0.75-M,2-1000-60-60-1.0-0.75-M.txt,repository,2-1000-60-60-1.0-0.75-M.txt,471470,6f2694d7a930e7a2ab5879aabef7317a2450b2b264ff2232923bfdb695cef4f8,1000,60,60,0
1000,3-0.75-M,3-1000-60-60-1.0-0.75-M.txt,repository,3-1000-60-60-1.0-0.75-M.txt,471530,9d8884decd15fee7fdf4f29dec2740c1ad6376d921a8567cc3ea444e4f147a4c,1000,60,60,0
1000,4-0.75-M,4-1000-60-60-1.0-0.75-M.txt,repository,4-1000-60-60-1.0-0.75-M.txt,471703,989a6978c7876cd7992e91e0a24eb6d399fca9c50c589130eaff7dcf18df4e2f,1000,60,60,0
1000,5-0.75-M,5-1000-60-60-1.0-0.75-M.txt,repository,5-1000-60-60-1.0-0.75-M.txt,471600,edac70a2b37d0fe5a9674eeda8ba78e8ee798adc02d1ace57f49276d84b619b5,1000,60,60,0
1000,6-0.75-M,6-1000-60-60-1.0-0.75-M.txt,repository,6-1000-60-60-1.0-0.75-M.txt,471651,98e74640e3406eb976b83beac69479936c87f74f4b0a894c2ac61fcbc8426077,1000,60,60,0
1000,7-0.75-M,7-1000-60-60-1.0-0.75-M.txt,repository,7-1000-60-60-1.0-0.75-M.txt,471736,a7a2b542cee05e8c02e721f9909538e21989a53aadf86796a4b2e5bfc1a143e4,1000,60,60,0
1000,8-0.75-M,8-1000-60-60-1.0-0.75-M.txt,repository,8-1000-60-60-1.0-0.75-M.txt,471600,75c67336fa36b60a53442ef7062e9a916861016acced41b72dc8435e215b6bd4,1000,60,60,0
1000,9-0.75-M,9-1000-60-60-1.0-0.75-M.txt,repository,9-1000-60-60-1.0-0.75-M.txt,471596,1ad6f6619492f61802236f33d453ecf5a5c80f0777f402c17fb6bace7c5876a7,1000,60,60,1
1000,10-0.75-M,10-1000-60-60-1.0-0.75-M.txt,repository,10-1000-60-60-1.0-0.75-M.txt,471740,30ca3c031f77e4834978553298dc2e39819918ced69debbc8055fadcc2b556a2,1000,60,60,0
