group,instance,profit,seed,selected_items,neighbourhood_size,feasible_neighbours,improving_neighbours,isolated
100,0-2-1,11312,1,25,1975,0,0,1
100,0-2-2,10316,1,26,2024,0,0,1
100,0-2-3,11195,1,25,1975,0,0,1
100,0-2-4,11324,1,25,1975,0,0,1
100,0-2-5,10113,1,25,1975,0,0,1
100,0-2-6,23296,1,50,2600,0,0,1
100,0-2-7,22442,1,51,2599,0,0,1
100,0-2-8,23452,1,51,2599,0,0,1
100,0-2-9,22756,1,50,2600,0,0,1
100,0-2-10,24498,1,50,2600,0,0,1
100,0-2-11,33472,1,75,1975,0,0,1
100,0-2-12,32670,1,75,1975,0,0,1
100,0-2-13,32942,1,75,1975,0,0,1
100,0-2-14,35106,1,75,1975,0,0,1
100,0-2-15,30930,1,75,1975,0,0,1
100,1-5-1,5378,1,25,1975,0,0,1
100,1-5-2,4390,1,25,1975,0,0,1
100,1-5-3,4227,1,25,1975,0,0,1
100,1-5-4,4706,1,25,1975,0,0,1
100,1-5-5,2597,1,25,1975,0,0,1
100,1-5-6,10808,1,50,2600,0,0,1
100,1-5-7,9931,1,51,2599,0,0,1
100,1-5-8,10882,1,50,2600,0,0,1
100,1-5-9,10595,1,50,2600,0,0,1
100,1-5-10,10297,1,50,2600,0,0,1
100,1-5-11,11029,1,75,1975,0,0,1
100,1-5-12,11884,1,75,1975,0,0,1
100,1-5-13,10751,1,75,1975,0,0,1
100,1-5-14,11567,1,75,1975,0,0,1
100,1-5-15,10671,1,75,1975,0,0,1
500,1-0.25-P,85588,8,128,48116,0,0,1
500,2-0.25-P,82538,10,130,48600,0,0,1
500,3-0.25-P,77578,10,128,48116,0,0,1
500,4-0.25-P,82651,4,128,48116,0,0,1
500,5-0.25-P,83939,7,129,48359,0,0,1
500,6-0.5-P,146011,3,253,62991,0,0,1
500,7-0.5-P,152424,6,253,62991,0,0,1
500,8-0.5-P,157869,8,254,62984,4,0,0
500,9-0.5-P,154091,1,253,62991,0,0,1
500,10-0.5-P,142468,9,253,62991,1,0,0
500,11-0.75-P,185333,7,377,46871,0,0,1
500,12-0.75-P,194693,2,377,46871,1,0,0
500,13-0.75-P,208372,8,377,46871,1,0,0
500,14-0.75-P,215915,6,378,46616,0,0,1
500,15-0.75-P,194361,5,377,46871,0,0,1
500,1-0.25-M,51924,5,127,47871,0,0,1
500,2-0.25-M,50478,9,126,47624,0,0,1
500,3-0.25-M,51389,8,126,47624,0,0,1
500,4-0.25-M,51875,7,127,47871,0,0,1
500,5-0.25-M,52285,6,128,48116,0,0,1
500,6-0.5-M,84281,1,251,62999,0,0,1
500,7-0.5-M,83068,3,251,62999,0,0,1
500,8-0.5-M,82835,3,251,62999,0,0,1
500,9-0.5-M,82976,6,250,63000,0,0,1
500,10-0.5-M,83026,1,249,62999,1,0,0
500,11-0.75-M,88885,4,374,47624,0,0,1
500,12-0.75-M,87394,2,374,47624,0,0,1
500,13-0.75-M,87300,3,375,47375,1,0,0
500,14-0.75-M,87671,1,373,47871,0,0,1
500,15-0.75-M,88002,6,374,47624,1,0,0
1000,1-0.25-P,161955,3,252,189496,4,0,0
1000,2-0.25-P,135728,5,253,189991,1,0,0
1000,3-0.25-P,149458,1,252,189496,0,0,1
1000,4-0.25-P,137824,1,251,188999,0,0,1
1000,5-0.25-P,145224,1,253,189991,1,0,0
1000,6-0.25-P,147570,1,253,189991,0,0,1
1000,7-0.25-P,149514,3,253,189991,6,0,0
1000,8-0.25-P,150972,3,252,189496,0,0,1
1000,9-0.25-P,138447,1,252,189496,0,0,1
1000,10-0.25-P,150767,4,253,189991,0,0,1
1000,1-0.25-M,37462,5,250,188500,0,0,1
1000,2-0.25-M,38237,1,249,187999,0,0,1
1000,3-0.25-M,38697,3,249,187999,3,0,0
1000,4-0.25-M,37977,3,251,188999,3,0,0
1000,5-0.25-M,35619,2,249,187999,3,0,0
1000,6-0.25-M,40944,3,251,188999,0,0,1
1000,7-0.25-M,39417,2,250,188500,0,0,1
1000,8-0.25-M,41688,4,250,188500,2,0,0
1000,9-0.25-M,37668,4,250,188500,2,0,0
1000,10-0.25-M,41229,5,251,188999,0,0,1
1000,1-0.5-P,271452,4,502,250996,0,0,1
1000,2-0.5-P,277326,2,502,250996,7,0,0
1000,3-0.5-P,274575,2,502,250996,2,0,0
1000,4-0.5-P,263625,3,502,250996,1,0,0
1000,5-0.5-P,273923,2,503,250991,2,0,0
1000,6-0.5-P,263503,5,502,250996,0,0,1
1000,7-0.5-P,266630,5,500,251000,2,0,0
1000,8-0.5-P,250015,2,502,250996,0,0,1
1000,9-0.5-P,267874,2,501,250999,1,0,0
1000,10-0.5-P,262721,5,501,250999,0,0,1
1000,1-0.5-M,51492,5,500,251000,8,0,0
1000,2-0.5-M,58196,5,501,250999,0,0,1
1000,3-0.5-M,49405,5,500,251000,0,0,1
1000,4-0.5-M,51582,1,500,251000,0,0,1
1000,5-0.5-M,51706,3,498,250996,3,0,0
1000,6-0.5-M,53286,2,500,251000,5,0,0
1000,7-0.5-M,49655,4,500,251000,2,0,0
1000,8-0.5-M,50341,1,499,250999,0,0,1
1000,9-0.5-M,55653,1,498,250996,18,0,0
1000,10-0.5-M,60783,2,499,250999,2,0,0
1000,1-0.75-P,381935,2,752,187496,0,0,1
1000,2-0.75-P,342194,3,752,187496,2,0,0
1000,3-0.75-P,364835,3,751,187999,1,0,0
1000,4-0.75-P,365382,2,752,187496,4,0,0
1000,5-0.75-P,336506,4,751,187999,0,0,1
1000,6-0.75-P,351007,2,751,187999,0,0,1
1000,7-0.75-P,335135,4,750,188500,0,0,1
1000,8-0.75-P,340369,4,752,187496,0,0,1
1000,9-0.75-P,339251,1,752,187496,0,0,1
1000,10-0.75-P,360579,3,751,187999,0,0,1
1000,1-0.75-M,41255,1,749,188999,1,0,0
1000,2-0.75-M,36996,2,749,188999,0,0,1
1000,3-0.75-M,38209,3,749,188999,10,0,0
1000,4-0.75-M,44619,2,748,189496,7,0,0
1000,5-0.75-M,44012,3,749,188999,0,0,1
1000,6-0.75-M,41401,3,749,188999,0,0,1
1000,7-0.75-M,42399,3,749,188999,0,0,1
1000,8-0.75-M,42233,3,749,188999,0,0,1
1000,9-0.75-M,32298,1,749,188999,0,0,1
1000,10-0.75-M,41111,1,749,188999,0,0,1
