group,instance,tsts_best,tsts_avg,tsts_sd,core_lp_ls_tsts_best,core_lp_ls_tsts_avg,cp_lb_ms_best,cp_lb_ms_avg,af_best,af_avg,bkv,inconsistent,published_best,published_best_sources
100,0-2-1,11312,11300.00,24.00,,,,,,,,,11312,TSTS
100,0-2-2,9945,9945.00,0.00,,,,,,,,,9945,TSTS
100,0-2-3,11195,11130.33,241.96,,,,,,,,,11195,TSTS
100,0-2-4,11324,11290.40,55.72,,,,,,,,,11324,TSTS
100,0-2-5,9704,9704.00,0.00,,,,,,,,,9704,TSTS
100,0-2-6,23296,23296.00,0.00,,,,,,,,,23296,TSTS
100,0-2-7,22442,22224.40,125.49,,,,,,,,,22442,TSTS
100,0-2-8,23452,23312.90,45.57,,,,,,,,,23452,TSTS
100,0-2-9,22756,22756.00,0.00,,,,,,,,,22756,TSTS
100,0-2-10,24371,24323.60,28.16,,,,,,,,,24371,TSTS
100,0-2-11,33472,33472.00,0.00,,,,,,,,,33472,TSTS
100,0-2-12,32670,32670.00,0.00,,,,,,,,,32670,TSTS
100,0-2-13,32942,32942.00,0.00,,,,,,,,,32942,TSTS
100,0-2-14,35106,35106.00,0.00,,,,,,,,,35106,TSTS
100,0-2-15,30930,30788.73,55.41,,,,,,,,,30930,TSTS
100,1-5-1,5340,5340.00,0.00,,,,,,,,,5340,TSTS
100,1-5-2,4390,4390.00,0.00,,,,,,,,,4390,TSTS
100,1-5-3,4227,4227.00,0.00,,,,,,,,,4227,TSTS
100,1-5-4,4706,4433.40,50.62,,,,,,,,,4706,TSTS
100,1-5-5,2597,2591.90,15.30,,,,,,,,,2597,TSTS
100,1-5-6,10808,10647.60,92.10,,,,,,,,,10808,TSTS
100,1-5-7,9807,9789.37,5.37,,,,,,,,,9807,TSTS
100,1-5-8,10882,10865.47,42.27,,,,,,,,,10882,TSTS
100,1-5-9,10595,10595.00,0.00,,,,,,,,,10595,TSTS
100,1-5-10,10297,10285.87,59.95,,,,,,,,,10297,TSTS
100,1-5-11,11029,11029.00,0.00,,,,,,,,,11029,TSTS
100,1-5-12,11884,11823.27,45.74,,,,,,,,,11884,TSTS
100,1-5-13,10751,10751.00,0.00,,,,,,,,,10751,TSTS
100,1-5-14,11567,11567.00,0.00,,,,,,,,,11567,TSTS
100,1-5-15,10671,10368.47,59.75,,,,,,,,,10671,TSTS
500,1-0.25-P,85194,85115.8,,85311,85311,85451,85333.2,,,85311,,85451,CP-LB-MS
500,2-0.25-P,82071,81984.1,,82334,82334,82366,82274.1,,,82334,,82366,CP-LB-MS
500,3-0.25-P,77141,77071.3,,77450,77450,77378,77378,,,77450,,77450,CORE-LP-LS-TSTS;BKV
500,4-0.25-P,82217,82132.2,,82347,82347,82477,82305.8,,,82347,,82477,CP-LB-MS
500,5-0.25-P,83500,83339,,83648,83549.4,83720,83646.4,,,83648,,83720,CP-LB-MS
500,6-0.5-P,146004,145665,,146154,146018.2,145980,145837.4,,,146154,,146154,CORE-LP-LS-TSTS;BKV
500,7-0.5-P,152015,151966,,152320,152271.2,152225,152225,,,152320,,152320,CORE-LP-LS-TSTS;BKV
500,8-0.5-P,175552,157426.8,,157788,157523.5,157817,157634,,,157788,tsts_best,157817,CP-LB-MS
500,9-0.5-P,153766,153605.4,,154078,153982.3,153874,153814.3,,,154078,,154078,CORE-LP-LS-TSTS;BKV
500,10-0.5-P,142084,141931.6,,142237,142237,142175,142099.3,,,142237,,142237,CORE-LP-LS-TSTS;BKV
500,11-0.75-P,185056,184196.9,,185250,185032,185250,185142.4,,,185250,,185250,CORE-LP-LS-TSTS;CP-LB-MS;BKV
500,12-0.75-P,194509,194371.6,,194585,194492.3,194595,194497.6,,,194614,,194614,BKV
500,13-0.75-P,208292,208206,,208425,208363.3,208249,208249,,,208425,,208425,CORE-LP-LS-TSTS;BKV
500,14-0.75-P,215844,215694.2,,215944,215877.2,215743,215683.3,,,215944,,215944,CORE-LP-LS-TSTS;BKV
500,15-0.75-P,194193,194126.4,,194310,194222.3,194203,194203,,,194310,,194310,CORE-LP-LS-TSTS;BKV
500,1-0.25-M,51561,51516,,51601,51532.4,51616,51556.4,,,51666,,51666,BKV
500,2-0.25-M,50009,49901.4,,50172,50013.2,50172,50172,,,50172,,50172,CORE-LP-LS-TSTS;CP-LB-MS;BKV
500,3-0.25-M,51140,50992.3,,51153,50824.3,51078,51001.2,,,51226,,51226,BKV
500,4-0.25-M,51602,51496,,51681,51662.3,51712,51694.4,,,51681,,51712,CP-LB-MS
500,5-0.25-M,51963,51896,,52224,51983.2,51885,51885,,,52224,,52224,CORE-LP-LS-TSTS;BKV
500,6-0.5-M,83947,83875.2,,84072,83983.5,53997,53871.2,,,84072,cp_lb_ms_avg;cp_lb_ms_best,84072,CORE-LP-LS-TSTS;BKV
500,7-0.5-M,82859,82555.4,,82870,82585.3,82895,82794.4,,,82870,,82895,CP-LB-MS
500,8-0.5-M,82735,82598.4,,82763,82603.8,82763,82692.2,,,82763,,82763,CORE-LP-LS-TSTS;CP-LB-MS;BKV
500,9-0.5-M,82560,82459.4,,82831,82562.4,82727,82727,,,82831,,82831,CORE-LP-LS-TSTS;BKV
500,10-0.5-M,82580,82534,,82958,82876.3,82800,82684.4,,,82958,,82958,CORE-LP-LS-TSTS;BKV
500,11-0.75-M,88831,88794.8,,88762,88762,88737,88737,,,88887,,88887,BKV
500,12-0.75-M,87280,87170.4,,87287,87199,87308,72981.6,,,87287,cp_lb_ms_avg,87308,CP-LB-MS
500,13-0.75-M,87228,87187.6,,87183,87139.2,87188,87188,,,87315,,87315,BKV
500,14-0.75-M,87568,87527.4,,87546,87493.5,87610,87535.5,,,87583,,87610,CP-LB-MS
500,15-0.75-M,87930,87852.8,,87849,87789.3,87958,87888.5,,,87956,,87958,CP-LB-MS
1000,1-0.25-P,161696,161599,,161529,161465,161913,161763,161987,161771.3,,,161987,AF
1000,2-0.25-P,135429,135009,,135228,134897,135462,135121,135627,135155.8,,,135627,AF
1000,3-0.25-P,149255,148953,,149449,149212,149528,149331,149646,149270.1,,,149646,AF
1000,4-0.25-P,137009,136993,,137215,137003,137242,137096,137574,137277.9,,,137574,AF
1000,5-0.25-P,144567,144416,,144845,144619,144981,144709,144886,144656.4,,,144981,CP-LB-MS
1000,6-0.25-P,146997,146777,,147226,146819,147475,147134,147610,147275.7,,,147610,AF
1000,7-0.25-P,149072,149013.3,,149070,149016,149211,149099,149407,149097.5,,,149407,AF
1000,8-0.25-P,150522,150462,,150572,150376,150717,150533,150921,150436.4,,,150921,AF
1000,9-0.25-P,138090,138052.4,,138136,138085,138286,138113,138411,138267,,,138411,AF
1000,10-0.25-P,150099,149833.3,,150619,150212,150463,150159,150652,150472.7,,,150652,AF
1000,1-0.25-M,37141,37026.3,,37146,37098.2,37185,37102.2,37219,36719.3,,,37219,AF
1000,2-0.25-M,37503,37245.4,,37582,37378,37663,37506,37771,37509.7,,,37771,AF
1000,3-0.25-M,37776,37467.4,,38434,37934,38384,38002,38338,37425.2,,,38434,CORE-LP-LS-TSTS
1000,4-0.25-M,37086,36927,,37599,37321,37662,37409,37475,36959,,,37662,CP-LB-MS
1000,5-0.25-M,34802,34601.4,,34718,34577,35122,35011,35003,34812.3,,,35122,CP-LB-MS
1000,6-0.25-M,40116,40000,,39851,39803,40245,40055,40559,40357.4,,,40559,AF
1000,7-0.25-M,38694,38509.4,,38711,38578,38676,38566,39079,38837.4,,,39079,AF
1000,8-0.25-M,40915,40820.6,,41040,40923,41226,41009,41541,41312.8,,,41541,AF
1000,9-0.25-M,36682,36637.6,,37048,36863,37209,37101,37304,36919.4,,,37304,AF
1000,10-0.25-M,40574,40378.3,,40399,402787,40701,40453,40709,40483.7,,core_lp_ls_tsts_avg,40709,AF
1000,1-0.5-P,271108,270878.4,,270923,270786,271149,271003,271436,271143.3,,,271436,AF
1000,2-0.5-P,276915,276842.7,,277068,276914,277188,277013,277203,276363,,,277203,AF
1000,3-0.5-P,274091,274001.3,,274565,274114,274581,274212,274631,274420.4,,,274631,AF
1000,4-0.5-P,263224,263210,,263512,263312,263410,263302,263397,262647.8,,,263512,CORE-LP-LS-TSTS
1000,5-0.5-P,273677,273476.3,,273715,273512,273797,273589,273734,273391.8,,,273797,CP-LB-MS
1000,6-0.5-P,263201,263164,,263371,263201,263449,263312,263395,262982.7,,,263449,CP-LB-MS
1000,7-0.5-P,266654,264373,,266706,264412,266557,264455,266652,266078.3,,,266706,CORE-LP-LS-TSTS
1000,8-0.5-P,249650,249615,,250125,249802,250148,249900,249806,249504.3,,,250148,CP-LB-MS
1000,9-0.5-P,267577,267438.4,,267811,267512,267853,265610,268134,267788.8,,,268134,AF
1000,10-0.5-P,262029,261889,,262314,262001,262383,262114,262480,262288.1,,,262480,AF
1000,1-0.5-M,50665,50490.7,,51342,50882,51390,51003,51355,51123.6,,,51390,CP-LB-MS
1000,2-0.5-M,57591,57553.7,,57832,57612,57839,57667,57797,56886.3,,,57839,CP-LB-MS
1000,3-0.5-M,48448,48160.7,,49344,48673,49144,48903,49185,48985.6,,,49344,CORE-LP-LS-TSTS
1000,4-0.5-M,51125,50818,,51366,51008,51463,51121,51311,50592.6,,,51463,CP-LB-MS
1000,5-0.5-M,50287,49986.7,,51343,50987,51251,50678,51449,50788,,,51449,AF
1000,6-0.5-M,52961,52823.7,,52992,52895,53082,52987,53075,52864.3,,,53082,CP-LB-MS
1000,7-0.5-M,49378,49170.7,,49674,49222,49378,49182,49276,48768.9,,,49674,CORE-LP-LS-TSTS
1000,8-0.5-M,49508,49384.2,,50115,49765,50321,50004,50015,49615.7,,,50321,CP-LB-MS
1000,9-0.5-M,54454,54242,,55426,55121,55300,55011,55231,55016.7,,,55426,CORE-LP-LS-TSTS
1000,10-0.5-M,59825,59645,,60179,59886,60547,60121,60449,60183.7,,,60547,CP-LB-MS
1000,1-0.75-P,381638,381597,,381743,381601,381747,391621,382190,381803.9,,cp_lb_ms_avg,382190,AF
1000,2-0.75-P,341711,341510.3,,342134,341812,342056,341986,342351,341968.3,,,342351,AF
1000,3-0.75-P,364700,364498.3,,364744,364523,364665,346512,364863,364671.4,,cp_lb_ms_avg,364863,AF
1000,4-0.75-P,364985,364934.6,,365003,364834,365192,365017,365404,364939.7,,,365404,AF
1000,5-0.75-P,336361,336285.6,,336106,336045,336282,336167,336536,336242.1,,,336536,AF
1000,6-0.75-P,350931,350783.7,,350635,350432,350571,350478,351042,350942.9,,,351042,AF
1000,7-0.75-P,334914,334542,,334242,334103,334829,334623,335158,334840.6,,,335158,AF
1000,8-0.75-P,340176,334542,,340018,334787,340098,334891,340459,340295.6,,,340459,AF
1000,9-0.75-P,338855,338666.6,,338914,338726,338964,338789,339145,339004,,,339145,AF
1000,10-0.75-P,360402,360351.6,,360382,360312,360288,360126,360805,360544.7,,,360805,AF
1000,1-0.75-M,40593,40416,,40709,40504,40674,40476,40834,40702,,,40834,AF
1000,2-0.75-M,36527,36132.2,,36423,36298,36706,36512,36809,36618.5,,,36809,AF
1000,3-0.75-M,37472,37401.3,,38026,37891,38097,37912,38106,37892.6,,,38106,AF
1000,4-0.75-M,43834,43667,,44300,43763,44221,43879,44514,44295.7,,,44514,AF
1000,5-0.75-M,43883,43519.3,,43563,43478,43633,43512,44098,43875.3,,,44098,AF
1000,6-0.75-M,40683,40138.7,,40913,40412,41005,40523,41242,40979,,,41242,AF
1000,7-0.75-M,41652,41332.2,,41846,41434,41863,41563,42070,41833.5,,,42070,AF
1000,8-0.75-M,41935,41750.2,,42047,41782,42230,42012,42342,42173,,,42342,AF
1000,9-0.75-M,31425,30953.3,,31943,31654,31740,31324,32031,31793.7,,,32031,AF
1000,10-0.75-M,40480,39183.3,,40720,40121,40686,40231,41019,40896.9,,,41019,AF
