experiment,variant,group,instance,seed,budget_s,trajectories,intensifiers,profit,cardinality,time_to_best_s,wall_s,iterations,kernel_sha256,host_sha256
sensitivity,L2500,1000,4-0.25-P,1,600,84,63,137389,251,331.7777,600.010,47279568,cc17b5385a7c74d7521db12aeea3e0f98f41a4fbfe66aab6f5f7c278ce636a56,31da62b5709734435d9983bea8572431b940c695e1752deea2fc4dada049369b
sensitivity,L2500,1000,4-0.25-P,2,600,84,63,137429,251,588.2905,600.008,48621468,cc17b5385a7c74d7521db12aeea3e0f98f41a4fbfe66aab6f5f7c278ce636a56,31da62b5709734435d9983bea8572431b940c695e1752deea2fc4dada049369b
sensitivity,L2500,1000,6-0.25-M,1,600,84,63,40811,250,408.1017,600.001,47304516,cc17b5385a7c74d7521db12aeea3e0f98f41a4fbfe66aab6f5f7c278ce636a56,31da62b5709734435d9983bea8572431b940c695e1752deea2fc4dada049369b
sensitivity,L2500,1000,6-0.25-M,2,600,84,63,40725,250,381.9050,600.025,47367180,cc17b5385a7c74d7521db12aeea3e0f98f41a4fbfe66aab6f5f7c278ce636a56,31da62b5709734435d9983bea8572431b940c695e1752deea2fc4dada049369b
sensitivity,L2500,1000,5-0.5-P,1,600,84,63,273885,502,490.4569,600.006,33343380,cc17b5385a7c74d7521db12aeea3e0f98f41a4fbfe66aab6f5f7c278ce636a56,31da62b5709734435d9983bea8572431b940c695e1752deea2fc4dada049369b
sensitivity,L2500,1000,5-0.5-P,2,600,84,63,273821,502,524.9001,600.013,35508732,cc17b5385a7c74d7521db12aeea3e0f98f41a4fbfe66aab6f5f7c278ce636a56,31da62b5709734435d9983bea8572431b940c695e1752deea2fc4dada049369b
sensitivity,L2500,1000,2-0.5-M,1,600,84,63,57838,500,376.5520,600.012,35789460,cc17b5385a7c74d7521db12aeea3e0f98f41a4fbfe66aab6f5f7c278ce636a56,31da62b5709734435d9983bea8572431b940c695e1752deea2fc4dada049369b
sensitivity,L2500,1000,2-0.5-M,2,600,84,63,58032,501,500.7251,600.011,36971676,cc17b5385a7c74d7521db12aeea3e0f98f41a4fbfe66aab6f5f7c278ce636a56,31da62b5709734435d9983bea8572431b940c695e1752deea2fc4dada049369b
sensitivity,L2500,1000,6-0.75-P,1,600,84,63,350833,751,535.3355,600.022,47705112,cc17b5385a7c74d7521db12aeea3e0f98f41a4fbfe66aab6f5f7c278ce636a56,31da62b5709734435d9983bea8572431b940c695e1752deea2fc4dada049369b
sensitivity,L2500,1000,6-0.75-P,2,600,84,63,350926,751,598.9196,600.011,48368796,cc17b5385a7c74d7521db12aeea3e0f98f41a4fbfe66aab6f5f7c278ce636a56,31da62b5709734435d9983bea8572431b940c695e1752deea2fc4dada049369b
sensitivity,L2500,1000,3-0.75-M,1,600,84,63,38115,749,478.6572,600.001,47883024,cc17b5385a7c74d7521db12aeea3e0f98f41a4fbfe66aab6f5f7c278ce636a56,31da62b5709734435d9983bea8572431b940c695e1752deea2fc4dada049369b
sensitivity,L2500,1000,3-0.75-M,2,600,84,63,37979,748,489.9466,600.001,48487740,cc17b5385a7c74d7521db12aeea3e0f98f41a4fbfe66aab6f5f7c278ce636a56,31da62b5709734435d9983bea8572431b940c695e1752deea2fc4dada049369b
sensitivity,L10000,1000,4-0.25-P,1,600,84,63,137499,251,364.5187,600.026,44574096,cc17b5385a7c74d7521db12aeea3e0f98f41a4fbfe66aab6f5f7c278ce636a56,31da62b5709734435d9983bea8572431b940c695e1752deea2fc4dada049369b
sensitivity,L10000,1000,4-0.25-P,2,600,84,63,137521,251,284.9816,600.014,48644904,cc17b5385a7c74d7521db12aeea3e0f98f41a4fbfe66aab6f5f7c278ce636a56,31da62b5709734435d9983bea8572431b940c695e1752deea2fc4dada049369b
sensitivity,L10000,1000,6-0.25-M,1,600,84,63,40789,251,527.9020,600.023,46217724,cc17b5385a7c74d7521db12aeea3e0f98f41a4fbfe66aab6f5f7c278ce636a56,31da62b5709734435d9983bea8572431b940c695e1752deea2fc4dada049369b
sensitivity,L10000,1000,6-0.25-M,2,600,84,63,40782,251,462.9302,600.027,47354916,cc17b5385a7c74d7521db12aeea3e0f98f41a4fbfe66aab6f5f7c278ce636a56,31da62b5709734435d9983bea8572431b940c695e1752deea2fc4dada049369b
sensitivity,L10000,1000,5-0.5-P,1,600,84,63,273973,503,176.1998,600.007,32815524,cc17b5385a7c74d7521db12aeea3e0f98f41a4fbfe66aab6f5f7c278ce636a56,31da62b5709734435d9983bea8572431b940c695e1752deea2fc4dada049369b
sensitivity,L10000,1000,5-0.5-P,2,600,84,63,273817,503,549.8594,600.027,35401716,cc17b5385a7c74d7521db12aeea3e0f98f41a4fbfe66aab6f5f7c278ce636a56,31da62b5709734435d9983bea8572431b940c695e1752deea2fc4dada049369b
sensitivity,L10000,1000,2-0.5-M,1,600,84,63,57952,501,471.2467,600.001,36941184,cc17b5385a7c74d7521db12aeea3e0f98f41a4fbfe66aab6f5f7c278ce636a56,31da62b5709734435d9983bea8572431b940c695e1752deea2fc4dada049369b
sensitivity,L10000,1000,2-0.5-M,2,600,84,63,57919,501,440.3452,600.005,36896496,cc17b5385a7c74d7521db12aeea3e0f98f41a4fbfe66aab6f5f7c278ce636a56,31da62b5709734435d9983bea8572431b940c695e1752deea2fc4dada049369b
sensitivity,L10000,1000,6-0.75-P,1,600,84,63,350923,752,500.6197,600.021,47713680,cc17b5385a7c74d7521db12aeea3e0f98f41a4fbfe66aab6f5f7c278ce636a56,31da62b5709734435d9983bea8572431b940c695e1752deea2fc4dada049369b
sensitivity,L10000,1000,6-0.75-P,2,600,84,63,350925,752,477.1033,600.029,48405504,cc17b5385a7c74d7521db12aeea3e0f98f41a4fbfe66aab6f5f7c278ce636a56,31da62b5709734435d9983bea8572431b940c695e1752deea2fc4dada049369b
sensitivity,L10000,1000,3-0.75-M,1,600,84,63,37981,749,518.2334,600.027,47766432,cc17b5385a7c74d7521db12aeea3e0f98f41a4fbfe66aab6f5f7c278ce636a56,31da62b5709734435d9983bea8572431b940c695e1752deea2fc4dada049369b
sensitivity,L10000,1000,3-0.75-M,2,600,84,63,38223,749,397.2903,600.016,48553176,cc17b5385a7c74d7521db12aeea3e0f98f41a4fbfe66aab6f5f7c278ce636a56,31da62b5709734435d9983bea8572431b940c695e1752deea2fc4dada049369b
sensitivity,d0.25,1000,4-0.25-P,1,600,84,63,137550,252,582.7839,600.005,47682852,cc17b5385a7c74d7521db12aeea3e0f98f41a4fbfe66aab6f5f7c278ce636a56,31da62b5709734435d9983bea8572431b940c695e1752deea2fc4dada049369b
sensitivity,d0.25,1000,4-0.25-P,2,600,84,63,137443,251,405.3070,600.005,48699588,cc17b5385a7c74d7521db12aeea3e0f98f41a4fbfe66aab6f5f7c278ce636a56,31da62b5709734435d9983bea8572431b940c695e1752deea2fc4dada049369b
sensitivity,d0.25,1000,6-0.25-M,1,600,84,63,40623,251,529.3414,600.013,44421384,cc17b5385a7c74d7521db12aeea3e0f98f41a4fbfe66aab6f5f7c278ce636a56,31da62b5709734435d9983bea8572431b940c695e1752deea2fc4dada049369b
sensitivity,d0.25,1000,6-0.25-M,2,600,84,63,40834,251,340.9908,600.022,47411280,cc17b5385a7c74d7521db12aeea3e0f98f41a4fbfe66aab6f5f7c278ce636a56,31da62b5709734435d9983bea8572431b940c695e1752deea2fc4dada049369b
sensitivity,d0.25,1000,5-0.5-P,1,600,84,63,273904,502,364.9977,600.028,32029368,cc17b5385a7c74d7521db12aeea3e0f98f41a4fbfe66aab6f5f7c278ce636a56,31da62b5709734435d9983bea8572431b940c695e1752deea2fc4dada049369b
sensitivity,d0.25,1000,5-0.5-P,2,600,84,63,274023,502,555.6393,600.025,35447328,cc17b5385a7c74d7521db12aeea3e0f98f41a4fbfe66aab6f5f7c278ce636a56,31da62b5709734435d9983bea8572431b940c695e1752deea2fc4dada049369b
sensitivity,d0.25,1000,2-0.5-M,1,600,84,63,58087,501,377.8087,600.003,37247784,cc17b5385a7c74d7521db12aeea3e0f98f41a4fbfe66aab6f5f7c278ce636a56,31da62b5709734435d9983bea8572431b940c695e1752deea2fc4dada049369b
sensitivity,d0.25,1000,2-0.5-M,2,600,84,63,58139,501,572.8770,600.026,36954960,cc17b5385a7c74d7521db12aeea3e0f98f41a4fbfe66aab6f5f7c278ce636a56,31da62b5709734435d9983bea8572431b940c695e1752deea2fc4dada049369b
sensitivity,d0.25,1000,6-0.75-P,1,600,84,63,351184,751,505.0767,600.001,47705952,cc17b5385a7c74d7521db12aeea3e0f98f41a4fbfe66aab6f5f7c278ce636a56,31da62b5709734435d9983bea8572431b940c695e1752deea2fc4dada049369b
sensitivity,d0.25,1000,6-0.75-P,2,600,84,63,351041,751,593.8770,600.004,48382320,cc17b5385a7c74d7521db12aeea3e0f98f41a4fbfe66aab6f5f7c278ce636a56,31da62b5709734435d9983bea8572431b940c695e1752deea2fc4dada049369b
sensitivity,d0.25,1000,3-0.75-M,1,600,84,63,38239,749,584.4284,600.026,47615064,cc17b5385a7c74d7521db12aeea3e0f98f41a4fbfe66aab6f5f7c278ce636a56,31da62b5709734435d9983bea8572431b940c695e1752deea2fc4dada049369b
sensitivity,d0.25,1000,3-0.75-M,2,600,84,63,38293,749,512.2794,600.022,48619956,cc17b5385a7c74d7521db12aeea3e0f98f41a4fbfe66aab6f5f7c278ce636a56,31da62b5709734435d9983bea8572431b940c695e1752deea2fc4dada049369b
sensitivity,d1,1000,4-0.25-P,1,600,84,63,137562,252,530.5522,600.004,46684596,cc17b5385a7c74d7521db12aeea3e0f98f41a4fbfe66aab6f5f7c278ce636a56,31da62b5709734435d9983bea8572431b940c695e1752deea2fc4dada049369b
sensitivity,d1,1000,4-0.25-P,2,600,84,63,137341,251,495.8790,600.000,48634572,cc17b5385a7c74d7521db12aeea3e0f98f41a4fbfe66aab6f5f7c278ce636a56,31da62b5709734435d9983bea8572431b940c695e1752deea2fc4dada049369b
sensitivity,d1,1000,6-0.25-M,1,600,84,63,40348,251,407.6963,600.018,44316552,cc17b5385a7c74d7521db12aeea3e0f98f41a4fbfe66aab6f5f7c278ce636a56,31da62b5709734435d9983bea8572431b940c695e1752deea2fc4dada049369b
sensitivity,d1,1000,6-0.25-M,2,600,84,63,40402,250,488.6136,600.008,47340552,cc17b5385a7c74d7521db12aeea3e0f98f41a4fbfe66aab6f5f7c278ce636a56,31da62b5709734435d9983bea8572431b940c695e1752deea2fc4dada049369b
sensitivity,d1,1000,5-0.5-P,1,600,84,63,273629,502,239.1199,600.008,33617220,cc17b5385a7c74d7521db12aeea3e0f98f41a4fbfe66aab6f5f7c278ce636a56,31da62b5709734435d9983bea8572431b940c695e1752deea2fc4dada049369b
sensitivity,d1,1000,5-0.5-P,2,600,84,63,273824,502,277.4301,600.011,35540232,cc17b5385a7c74d7521db12aeea3e0f98f41a4fbfe66aab6f5f7c278ce636a56,31da62b5709734435d9983bea8572431b940c695e1752deea2fc4dada049369b
sensitivity,d1,1000,2-0.5-M,1,600,84,63,57594,500,370.7616,600.015,34846560,cc17b5385a7c74d7521db12aeea3e0f98f41a4fbfe66aab6f5f7c278ce636a56,31da62b5709734435d9983bea8572431b940c695e1752deea2fc4dada049369b
sensitivity,d1,1000,2-0.5-M,2,600,84,63,57950,501,551.6863,600.027,36726564,cc17b5385a7c74d7521db12aeea3e0f98f41a4fbfe66aab6f5f7c278ce636a56,31da62b5709734435d9983bea8572431b940c695e1752deea2fc4dada049369b
sensitivity,d1,1000,6-0.75-P,1,600,84,63,350492,751,426.2547,600.001,47674032,cc17b5385a7c74d7521db12aeea3e0f98f41a4fbfe66aab6f5f7c278ce636a56,31da62b5709734435d9983bea8572431b940c695e1752deea2fc4dada049369b
sensitivity,d1,1000,6-0.75-P,2,600,84,63,350422,751,224.8358,600.002,48347628,cc17b5385a7c74d7521db12aeea3e0f98f41a4fbfe66aab6f5f7c278ce636a56,31da62b5709734435d9983bea8572431b940c695e1752deea2fc4dada049369b
sensitivity,d1,1000,3-0.75-M,1,600,84,63,37817,748,145.5225,600.017,47507880,cc17b5385a7c74d7521db12aeea3e0f98f41a4fbfe66aab6f5f7c278ce636a56,31da62b5709734435d9983bea8572431b940c695e1752deea2fc4dada049369b
sensitivity,d1,1000,3-0.75-M,2,600,84,63,37683,748,137.3718,600.008,48522180,cc17b5385a7c74d7521db12aeea3e0f98f41a4fbfe66aab6f5f7c278ce636a56,31da62b5709734435d9983bea8572431b940c695e1752deea2fc4dada049369b
sensitivity,f50,1000,4-0.25-P,1,600,84,42,137412,252,546.3352,600.027,45818388,cc17b5385a7c74d7521db12aeea3e0f98f41a4fbfe66aab6f5f7c278ce636a56,31da62b5709734435d9983bea8572431b940c695e1752deea2fc4dada049369b
sensitivity,f50,1000,4-0.25-P,2,600,84,42,137338,251,525.6387,600.019,48629952,cc17b5385a7c74d7521db12aeea3e0f98f41a4fbfe66aab6f5f7c278ce636a56,31da62b5709734435d9983bea8572431b940c695e1752deea2fc4dada049369b
sensitivity,f50,1000,6-0.25-M,1,600,84,42,40795,251,478.3863,600.001,45209724,cc17b5385a7c74d7521db12aeea3e0f98f41a4fbfe66aab6f5f7c278ce636a56,31da62b5709734435d9983bea8572431b940c695e1752deea2fc4dada049369b
sensitivity,f50,1000,6-0.25-M,2,600,84,42,40790,251,565.3610,600.004,47384232,cc17b5385a7c74d7521db12aeea3e0f98f41a4fbfe66aab6f5f7c278ce636a56,31da62b5709734435d9983bea8572431b940c695e1752deea2fc4dada049369b
sensitivity,f50,1000,5-0.5-P,1,600,84,42,273661,502,592.6212,600.013,35548968,cc17b5385a7c74d7521db12aeea3e0f98f41a4fbfe66aab6f5f7c278ce636a56,31da62b5709734435d9983bea8572431b940c695e1752deea2fc4dada049369b
sensitivity,f50,1000,5-0.5-P,2,600,84,42,273771,502,574.3052,600.012,35791980,cc17b5385a7c74d7521db12aeea3e0f98f41a4fbfe66aab6f5f7c278ce636a56,31da62b5709734435d9983bea8572431b940c695e1752deea2fc4dada049369b
sensitivity,f50,1000,2-0.5-M,1,600,84,42,58115,501,520.0831,600.018,35323680,cc17b5385a7c74d7521db12aeea3e0f98f41a4fbfe66aab6f5f7c278ce636a56,31da62b5709734435d9983bea8572431b940c695e1752deea2fc4dada049369b
sensitivity,f50,1000,2-0.5-M,2,600,84,42,57898,501,330.0509,600.017,36625680,cc17b5385a7c74d7521db12aeea3e0f98f41a4fbfe66aab6f5f7c278ce636a56,31da62b5709734435d9983bea8572431b940c695e1752deea2fc4dada049369b
sensitivity,f50,1000,6-0.75-P,1,600,84,42,350819,751,363.3646,600.009,47750556,cc17b5385a7c74d7521db12aeea3e0f98f41a4fbfe66aab6f5f7c278ce636a56,31da62b5709734435d9983bea8572431b940c695e1752deea2fc4dada049369b
sensitivity,f50,1000,6-0.75-P,2,600,84,42,350871,752,519.2848,600.028,48477660,cc17b5385a7c74d7521db12aeea3e0f98f41a4fbfe66aab6f5f7c278ce636a56,31da62b5709734435d9983bea8572431b940c695e1752deea2fc4dada049369b
sensitivity,f50,1000,3-0.75-M,1,600,84,42,38077,748,343.4742,600.011,48270600,cc17b5385a7c74d7521db12aeea3e0f98f41a4fbfe66aab6f5f7c278ce636a56,31da62b5709734435d9983bea8572431b940c695e1752deea2fc4dada049369b
sensitivity,f50,1000,3-0.75-M,2,600,84,42,38054,748,192.6914,600.011,48565776,cc17b5385a7c74d7521db12aeea3e0f98f41a4fbfe66aab6f5f7c278ce636a56,31da62b5709734435d9983bea8572431b940c695e1752deea2fc4dada049369b
sensitivity,f90,1000,4-0.25-P,1,600,84,76,137547,251,480.7940,600.023,46259976,cc17b5385a7c74d7521db12aeea3e0f98f41a4fbfe66aab6f5f7c278ce636a56,31da62b5709734435d9983bea8572431b940c695e1752deea2fc4dada049369b
sensitivity,f90,1000,4-0.25-P,2,600,84,76,137599,252,448.7721,600.014,48724620,cc17b5385a7c74d7521db12aeea3e0f98f41a4fbfe66aab6f5f7c278ce636a56,31da62b5709734435d9983bea8572431b940c695e1752deea2fc4dada049369b
sensitivity,f90,1000,6-0.25-M,1,600,84,76,40595,251,597.8313,600.021,44778888,cc17b5385a7c74d7521db12aeea3e0f98f41a4fbfe66aab6f5f7c278ce636a56,31da62b5709734435d9983bea8572431b940c695e1752deea2fc4dada049369b
sensitivity,f90,1000,6-0.25-M,2,600,84,76,40823,252,520.7143,600.025,47382468,cc17b5385a7c74d7521db12aeea3e0f98f41a4fbfe66aab6f5f7c278ce636a56,31da62b5709734435d9983bea8572431b940c695e1752deea2fc4dada049369b
sensitivity,f90,1000,5-0.5-P,1,600,84,76,273923,503,575.8007,600.014,35118552,cc17b5385a7c74d7521db12aeea3e0f98f41a4fbfe66aab6f5f7c278ce636a56,31da62b5709734435d9983bea8572431b940c695e1752deea2fc4dada049369b
sensitivity,f90,1000,5-0.5-P,2,600,84,76,273977,503,204.4279,600.025,35438424,cc17b5385a7c74d7521db12aeea3e0f98f41a4fbfe66aab6f5f7c278ce636a56,31da62b5709734435d9983bea8572431b940c695e1752deea2fc4dada049369b
sensitivity,f90,1000,2-0.5-M,1,600,84,76,57890,501,269.8376,600.010,36471120,cc17b5385a7c74d7521db12aeea3e0f98f41a4fbfe66aab6f5f7c278ce636a56,31da62b5709734435d9983bea8572431b940c695e1752deea2fc4dada049369b
sensitivity,f90,1000,2-0.5-M,2,600,84,76,58094,501,538.2066,600.024,36945888,cc17b5385a7c74d7521db12aeea3e0f98f41a4fbfe66aab6f5f7c278ce636a56,31da62b5709734435d9983bea8572431b940c695e1752deea2fc4dada049369b
sensitivity,f90,1000,6-0.75-P,1,600,84,76,350797,751,565.3887,600.029,47679408,cc17b5385a7c74d7521db12aeea3e0f98f41a4fbfe66aab6f5f7c278ce636a56,31da62b5709734435d9983bea8572431b940c695e1752deea2fc4dada049369b
sensitivity,f90,1000,6-0.75-P,2,600,84,76,350944,751,524.3733,600.015,48372156,cc17b5385a7c74d7521db12aeea3e0f98f41a4fbfe66aab6f5f7c278ce636a56,31da62b5709734435d9983bea8572431b940c695e1752deea2fc4dada049369b
sensitivity,f90,1000,3-0.75-M,1,600,84,76,38053,749,510.2577,600.001,48577116,cc17b5385a7c74d7521db12aeea3e0f98f41a4fbfe66aab6f5f7c278ce636a56,31da62b5709734435d9983bea8572431b940c695e1752deea2fc4dada049369b
sensitivity,f90,1000,3-0.75-M,2,600,84,76,38103,749,511.0740,600.008,48596184,cc17b5385a7c74d7521db12aeea3e0f98f41a4fbfe66aab6f5f7c278ce636a56,31da62b5709734435d9983bea8572431b940c695e1752deea2fc4dada049369b
sensitivity,lam1.05,1000,4-0.25-P,1,600,84,63,137853,252,549.8765,600.011,48697656,9a05d0b87598116c789755e9c47ba1229fa77edb6a88eaf5573d5636e6483688,31da62b5709734435d9983bea8572431b940c695e1752deea2fc4dada049369b
sensitivity,lam1.05,1000,4-0.25-P,2,600,84,63,137514,252,431.5389,600.011,48640788,9a05d0b87598116c789755e9c47ba1229fa77edb6a88eaf5573d5636e6483688,31da62b5709734435d9983bea8572431b940c695e1752deea2fc4dada049369b
sensitivity,lam1.05,1000,6-0.25-M,1,600,84,63,40559,251,415.7449,600.026,47478144,9a05d0b87598116c789755e9c47ba1229fa77edb6a88eaf5573d5636e6483688,31da62b5709734435d9983bea8572431b940c695e1752deea2fc4dada049369b
sensitivity,lam1.05,1000,6-0.25-M,2,600,84,63,40609,251,491.0540,600.006,47495364,9a05d0b87598116c789755e9c47ba1229fa77edb6a88eaf5573d5636e6483688,31da62b5709734435d9983bea8572431b940c695e1752deea2fc4dada049369b
sensitivity,lam1.05,1000,5-0.5-P,1,600,84,63,274172,503,393.7282,600.026,35459844,9a05d0b87598116c789755e9c47ba1229fa77edb6a88eaf5573d5636e6483688,31da62b5709734435d9983bea8572431b940c695e1752deea2fc4dada049369b
sensitivity,lam1.05,1000,5-0.5-P,2,600,84,63,273709,502,297.6645,600.020,35495544,9a05d0b87598116c789755e9c47ba1229fa77edb6a88eaf5573d5636e6483688,31da62b5709734435d9983bea8572431b940c695e1752deea2fc4dada049369b
sensitivity,lam1.05,1000,2-0.5-M,1,600,84,63,58182,501,346.2864,600.015,37201416,9a05d0b87598116c789755e9c47ba1229fa77edb6a88eaf5573d5636e6483688,31da62b5709734435d9983bea8572431b940c695e1752deea2fc4dada049369b
sensitivity,lam1.05,1000,2-0.5-M,2,600,84,63,57876,501,527.1637,600.021,36909264,9a05d0b87598116c789755e9c47ba1229fa77edb6a88eaf5573d5636e6483688,31da62b5709734435d9983bea8572431b940c695e1752deea2fc4dada049369b
sensitivity,lam1.05,1000,6-0.75-P,1,600,84,63,350973,751,574.1551,600.016,48440700,9a05d0b87598116c789755e9c47ba1229fa77edb6a88eaf5573d5636e6483688,31da62b5709734435d9983bea8572431b940c695e1752deea2fc4dada049369b
sensitivity,lam1.05,1000,6-0.75-P,2,600,84,63,350900,751,582.4903,600.023,48429612,9a05d0b87598116c789755e9c47ba1229fa77edb6a88eaf5573d5636e6483688,31da62b5709734435d9983bea8572431b940c695e1752deea2fc4dada049369b
sensitivity,lam1.05,1000,3-0.75-M,1,600,84,63,38418,749,526.6300,600.012,48579888,9a05d0b87598116c789755e9c47ba1229fa77edb6a88eaf5573d5636e6483688,31da62b5709734435d9983bea8572431b940c695e1752deea2fc4dada049369b
sensitivity,lam1.05,1000,3-0.75-M,2,600,84,63,38146,749,392.1764,600.005,48553428,9a05d0b87598116c789755e9c47ba1229fa77edb6a88eaf5573d5636e6483688,31da62b5709734435d9983bea8572431b940c695e1752deea2fc4dada049369b
sensitivity,lam1.2,1000,4-0.25-P,1,600,84,63,137270,251,531.9200,600.011,48649692,a961f5602dfeeae4468a38156db805a381ec8333dfab3f03abafbee97bbe6c4c,31da62b5709734435d9983bea8572431b940c695e1752deea2fc4dada049369b
sensitivity,lam1.2,1000,4-0.25-P,2,600,84,63,137706,251,533.9305,600.002,48657168,a961f5602dfeeae4468a38156db805a381ec8333dfab3f03abafbee97bbe6c4c,31da62b5709734435d9983bea8572431b940c695e1752deea2fc4dada049369b
sensitivity,lam1.2,1000,6-0.25-M,1,600,84,63,40725,251,475.8382,600.010,47464368,a961f5602dfeeae4468a38156db805a381ec8333dfab3f03abafbee97bbe6c4c,31da62b5709734435d9983bea8572431b940c695e1752deea2fc4dada049369b
sensitivity,lam1.2,1000,6-0.25-M,2,600,84,63,40591,251,583.8062,600.024,47481252,a961f5602dfeeae4468a38156db805a381ec8333dfab3f03abafbee97bbe6c4c,31da62b5709734435d9983bea8572431b940c695e1752deea2fc4dada049369b
sensitivity,lam1.2,1000,5-0.5-P,1,600,84,63,273676,502,473.9481,600.001,35474460,a961f5602dfeeae4468a38156db805a381ec8333dfab3f03abafbee97bbe6c4c,31da62b5709734435d9983bea8572431b940c695e1752deea2fc4dada049369b
sensitivity,lam1.2,1000,5-0.5-P,2,600,84,63,273749,502,435.5771,600.009,35473620,a961f5602dfeeae4468a38156db805a381ec8333dfab3f03abafbee97bbe6c4c,31da62b5709734435d9983bea8572431b940c695e1752deea2fc4dada049369b
sensitivity,lam1.2,1000,2-0.5-M,1,600,84,63,57954,502,543.2785,600.019,37307172,a961f5602dfeeae4468a38156db805a381ec8333dfab3f03abafbee97bbe6c4c,31da62b5709734435d9983bea8572431b940c695e1752deea2fc4dada049369b
sensitivity,lam1.2,1000,2-0.5-M,2,600,84,63,57953,500,358.4788,600.002,36213492,a961f5602dfeeae4468a38156db805a381ec8333dfab3f03abafbee97bbe6c4c,31da62b5709734435d9983bea8572431b940c695e1752deea2fc4dada049369b
sensitivity,lam1.2,1000,6-0.75-P,1,600,84,63,350801,751,554.6542,600.005,48394080,a961f5602dfeeae4468a38156db805a381ec8333dfab3f03abafbee97bbe6c4c,31da62b5709734435d9983bea8572431b940c695e1752deea2fc4dada049369b
sensitivity,lam1.2,1000,6-0.75-P,2,600,84,63,350834,752,445.8082,600.002,48435996,a961f5602dfeeae4468a38156db805a381ec8333dfab3f03abafbee97bbe6c4c,31da62b5709734435d9983bea8572431b940c695e1752deea2fc4dada049369b
sensitivity,lam1.2,1000,3-0.75-M,1,600,84,63,38089,749,540.1443,600.026,48574512,a961f5602dfeeae4468a38156db805a381ec8333dfab3f03abafbee97bbe6c4c,31da62b5709734435d9983bea8572431b940c695e1752deea2fc4dada049369b
sensitivity,lam1.2,1000,3-0.75-M,2,600,84,63,38054,748,446.7816,600.015,48577368,a961f5602dfeeae4468a38156db805a381ec8333dfab3f03abafbee97bbe6c4c,31da62b5709734435d9983bea8572431b940c695e1752deea2fc4dada049369b
